"Time","A2391125"
"and","EC corrected (uS/cm)"
"Date","Mean"
24/03/2010 00:00,""
25/03/2010 00:00,          11
26/03/2010 00:00,           5
27/03/2010 00:00,           1
28/03/2010 00:00,           0
29/03/2010 00:00,           3
30/03/2010 00:00,           9
31/03/2010 00:00,          12
01/04/2010 00:00,           8
02/04/2010 00:00,           8
03/04/2010 00:00,           9
04/04/2010 00:00,           8
05/04/2010 00:00,           9
06/04/2010 00:00,           0
07/04/2010 00:00,           0
08/04/2010 00:00,           2
09/04/2010 00:00,           0
10/04/2010 00:00,           0
11/04/2010 00:00,           5
12/04/2010 00:00,           3
13/04/2010 00:00,           4
14/04/2010 00:00,           3
15/04/2010 00:00,           6
16/04/2010 00:00,          10
17/04/2010 00:00,           5
18/04/2010 00:00,          -1
19/04/2010 00:00,          -1
20/04/2010 00:00,           0
21/04/2010 00:00,           4
22/04/2010 00:00,           4
23/04/2010 00:00,          -1
24/04/2010 00:00,           2
25/04/2010 00:00,          10
26/04/2010 00:00,           8
27/04/2010 00:00,           6
28/04/2010 00:00,           2
29/04/2010 00:00,           2
30/04/2010 00:00,           2
01/05/2010 00:00,           6
02/05/2010 00:00,           8
03/05/2010 00:00,          10
04/05/2010 00:00,           4
05/05/2010 00:00,           9
06/05/2010 00:00,           3
07/05/2010 00:00,          -1
08/05/2010 00:00,           0
09/05/2010 00:00,           4
10/05/2010 00:00,           4
11/05/2010 00:00,          13
12/05/2010 00:00,          13
13/05/2010 00:00,          15
14/05/2010 00:00,          19
15/05/2010 00:00,          20
16/05/2010 00:00,          16
17/05/2010 00:00,          16
18/05/2010 00:00,           9
19/05/2010 00:00,          14
20/05/2010 00:00,          14
21/05/2010 00:00,          11
22/05/2010 00:00,          18
23/05/2010 00:00,          16
24/05/2010 00:00,           1
25/05/2010 00:00,           2
26/05/2010 00:00,           6
27/05/2010 00:00,           7
28/05/2010 00:00,           3
29/05/2010 00:00,           1
30/05/2010 00:00,           1
31/05/2010 00:00,          12
01/06/2010 00:00,          14
02/06/2010 00:00,           5
03/06/2010 00:00,           8
04/06/2010 00:00,           9
05/06/2010 00:00,          12
06/06/2010 00:00,          16
07/06/2010 00:00,          21
08/06/2010 00:00,           7
09/06/2010 00:00,           7
10/06/2010 00:00,           8
11/06/2010 00:00,           5
12/06/2010 00:00,           9
13/06/2010 00:00,          12
14/06/2010 00:00,          27
15/06/2010 00:00,          26
16/06/2010 00:00,           9
17/06/2010 00:00,           7
18/06/2010 00:00,           6
19/06/2010 00:00,           5
20/06/2010 00:00,           9
21/06/2010 00:00,           8
22/06/2010 00:00,          11
23/06/2010 00:00,          12
24/06/2010 00:00,           2
25/06/2010 00:00,           9
26/06/2010 00:00,          21
27/06/2010 00:00,          22
28/06/2010 00:00,           7
29/06/2010 00:00,           3
30/06/2010 00:00,          16
01/07/2010 00:00,          15
02/07/2010 00:00,          12
03/07/2010 00:00,          21
04/07/2010 00:00,          13
05/07/2010 00:00,          16
06/07/2010 00:00,          19
07/07/2010 00:00,          15
08/07/2010 00:00,          19
09/07/2010 00:00,          17
10/07/2010 00:00,           2
11/07/2010 00:00,           5
12/07/2010 00:00,           9
13/07/2010 00:00,           4
14/07/2010 00:00,           7
15/07/2010 00:00,           9
16/07/2010 00:00,           7
17/07/2010 00:00,           6
18/07/2010 00:00,           9
19/07/2010 00:00,          17
20/07/2010 00:00,          16
21/07/2010 00:00,          13
22/07/2010 00:00,           8
23/07/2010 00:00,           7
24/07/2010 00:00,          11
25/07/2010 00:00,          17
26/07/2010 00:00,          19
27/07/2010 00:00,          24
28/07/2010 00:00,          18
29/07/2010 00:00,           4
30/07/2010 00:00,           5
31/07/2010 00:00,           9
01/08/2010 00:00,           8
02/08/2010 00:00,           6
03/08/2010 00:00,           8
04/08/2010 00:00,          11
05/08/2010 00:00,          12
06/08/2010 00:00,          18
07/08/2010 00:00,          13
08/08/2010 00:00,           8
09/08/2010 00:00,           9
10/08/2010 00:00,          11
11/08/2010 00:00,           4
12/08/2010 00:00,           6
13/08/2010 00:00,          11
14/08/2010 00:00,           3
15/08/2010 00:00,           5
16/08/2010 00:00,          15
17/08/2010 00:00,          16
18/08/2010 00:00,           4
19/08/2010 00:00,          10
20/08/2010 00:00,          13
21/08/2010 00:00,          13
22/08/2010 00:00,         178
23/08/2010 00:00,         222
24/08/2010 00:00,         215
25/08/2010 00:00,         214
26/08/2010 00:00,         216
27/08/2010 00:00,         216
28/08/2010 00:00,         202
29/08/2010 00:00,         191
30/08/2010 00:00,         193
31/08/2010 00:00,         195
01/09/2010 00:00,         191
02/09/2010 00:00,         205
03/09/2010 00:00,         210
04/09/2010 00:00,         222
05/09/2010 00:00,         217
06/09/2010 00:00,         218
07/09/2010 00:00,         189
08/09/2010 00:00,         180
09/09/2010 00:00,         186
10/09/2010 00:00,         188
11/09/2010 00:00,         196
12/09/2010 00:00,         207
13/09/2010 00:00,         217
14/09/2010 00:00,         235
15/09/2010 00:00,         251
16/09/2010 00:00,         266
17/09/2010 00:00,         285
18/09/2010 00:00,         141
19/09/2010 00:00,           8
20/09/2010 00:00,           7
21/09/2010 00:00,           6
22/09/2010 00:00,           8
23/09/2010 00:00,           7
24/09/2010 00:00,           8
25/09/2010 00:00,           8
26/09/2010 00:00,          10
27/09/2010 00:00,           7
28/09/2010 00:00,          15
29/09/2010 00:00,          21
30/09/2010 00:00,          14
01/10/2010 00:00,          19
02/10/2010 00:00,          19
03/10/2010 00:00,          10
04/10/2010 00:00,           6
05/10/2010 00:00,          15
06/10/2010 00:00,          20
07/10/2010 00:00,          18
08/10/2010 00:00,          13
09/10/2010 00:00,          12
10/10/2010 00:00,          14
11/10/2010 00:00,           4
12/10/2010 00:00,           5
13/10/2010 00:00,           9
14/10/2010 00:00,          11
15/10/2010 00:00,          13
16/10/2010 00:00,          13
17/10/2010 00:00,           8
18/10/2010 00:00,           9
19/10/2010 00:00,          13
20/10/2010 00:00,          18
21/10/2010 00:00,          16
22/10/2010 00:00,           9
23/10/2010 00:00,          15
24/10/2010 00:00,          24
25/10/2010 00:00,          24
26/10/2010 00:00,          17
27/10/2010 00:00,          14
28/10/2010 00:00,          13
29/10/2010 00:00,           5
30/10/2010 00:00,           8
31/10/2010 00:00,          13
01/11/2010 00:00,          13
02/11/2010 00:00,          12
03/11/2010 00:00,          10
04/11/2010 00:00,          12
05/11/2010 00:00,          19
06/11/2010 00:00,           8
07/11/2010 00:00,           8
08/11/2010 00:00,          12
09/11/2010 00:00,          15
10/11/2010 00:00,          11
11/11/2010 00:00,           9
12/11/2010 00:00,           5
13/11/2010 00:00,           8
14/11/2010 00:00,          11
15/11/2010 00:00,          17
16/11/2010 00:00,          16
17/11/2010 00:00,          15
18/11/2010 00:00,          11
19/11/2010 00:00,          15
20/11/2010 00:00,          15
21/11/2010 00:00,          12
22/11/2010 00:00,          11
23/11/2010 00:00,           7
24/11/2010 00:00,           4
25/11/2010 00:00,           7
26/11/2010 00:00,          11
27/11/2010 00:00,           7
28/11/2010 00:00,           8
29/11/2010 00:00,           7
30/11/2010 00:00,           7
01/12/2010 00:00,           4
02/12/2010 00:00,           6
03/12/2010 00:00,           7
04/12/2010 00:00,           8
05/12/2010 00:00,          14
06/12/2010 00:00,           5
07/12/2010 00:00,           3
08/12/2010 00:00,           4
09/12/2010 00:00,           8
10/12/2010 00:00,           9
11/12/2010 00:00,           6
12/12/2010 00:00,           9
13/12/2010 00:00,           9
14/12/2010 00:00,           8
15/12/2010 00:00,           7
16/12/2010 00:00,          12
17/12/2010 00:00,           9
18/12/2010 00:00,           8
19/12/2010 00:00,          12
20/12/2010 00:00,          12
21/12/2010 00:00,          10
22/12/2010 00:00,          17
23/12/2010 00:00,          15
24/12/2010 00:00,          13
25/12/2010 00:00,           9
26/12/2010 00:00,          11
27/12/2010 00:00,          13
28/12/2010 00:00,          17
29/12/2010 00:00,          14
30/12/2010 00:00,          14
31/12/2010 00:00,           9
01/01/2011 00:00,           9
02/01/2011 00:00,          16
03/01/2011 00:00,          16
04/01/2011 00:00,          16
05/01/2011 00:00,          13
06/01/2011 00:00,          12
07/01/2011 00:00,           7
08/01/2011 00:00,           4
09/01/2011 00:00,           7
10/01/2011 00:00,           5
11/01/2011 00:00,           4
12/01/2011 00:00,           3
13/01/2011 00:00,           9
14/01/2011 00:00,           4
15/01/2011 00:00,           8
16/01/2011 00:00,           8
17/01/2011 00:00,           5
18/01/2011 00:00,           7
19/01/2011 00:00,           7
20/01/2011 00:00,          10
21/01/2011 00:00,           7
22/01/2011 00:00,          10
23/01/2011 00:00,           8
24/01/2011 00:00,           6
25/01/2011 00:00,           9
26/01/2011 00:00,           9
27/01/2011 00:00,          12
28/01/2011 00:00,          13
29/01/2011 00:00,          12
30/01/2011 00:00,           7
31/01/2011 00:00,           7
01/02/2011 00:00,           7
02/02/2011 00:00,           9
03/02/2011 00:00,           7
04/02/2011 00:00,           8
05/02/2011 00:00,          11
06/02/2011 00:00,          15
07/02/2011 00:00,          15
08/02/2011 00:00,           7
09/02/2011 00:00,           8
10/02/2011 00:00,           6
11/02/2011 00:00,           2
12/02/2011 00:00,           9
13/02/2011 00:00,          11
14/02/2011 00:00,           9
15/02/2011 00:00,           7
16/02/2011 00:00,           8
17/02/2011 00:00,           5
18/02/2011 00:00,           3
19/02/2011 00:00,           3
20/02/2011 00:00,           7
21/02/2011 00:00,           8
22/02/2011 00:00,           8
23/02/2011 00:00,          10
24/02/2011 00:00,           8
25/02/2011 00:00,           7
26/02/2011 00:00,           5
27/02/2011 00:00,           5
28/02/2011 00:00,           6
01/03/2011 00:00,          12
02/03/2011 00:00,          12
03/03/2011 00:00,           5
04/03/2011 00:00,           8
05/03/2011 00:00,          17
06/03/2011 00:00,          10
07/03/2011 00:00,           4
08/03/2011 00:00,           2
09/03/2011 00:00,           4
10/03/2011 00:00,           4
11/03/2011 00:00,          11
12/03/2011 00:00,           8
13/03/2011 00:00,           7
14/03/2011 00:00,          14
15/03/2011 00:00,          12
16/03/2011 00:00,          16
17/03/2011 00:00,          17
18/03/2011 00:00,          15
19/03/2011 00:00,          13
20/03/2011 00:00,           7
21/03/2011 00:00,           2
22/03/2011 00:00,           3
23/03/2011 00:00,           4
24/03/2011 00:00,           3
25/03/2011 00:00,           6
26/03/2011 00:00,           4
27/03/2011 00:00,           4
28/03/2011 00:00,          13
29/03/2011 00:00,          11
30/03/2011 00:00,          13
31/03/2011 00:00,          19
01/04/2011 00:00,          16
02/04/2011 00:00,          13
03/04/2011 00:00,           7
04/04/2011 00:00,          10
05/04/2011 00:00,          10
06/04/2011 00:00,          15
07/04/2011 00:00,          15
08/04/2011 00:00,           6
09/04/2011 00:00,           4
10/04/2011 00:00,          11
11/04/2011 00:00,           8
12/04/2011 00:00,           9
13/04/2011 00:00,           9
14/04/2011 00:00,          14
15/04/2011 00:00,           8
16/04/2011 00:00,          11
17/04/2011 00:00,          20
18/04/2011 00:00,          16
19/04/2011 00:00,           5
20/04/2011 00:00,           8
21/04/2011 00:00,          13
22/04/2011 00:00,          11
23/04/2011 00:00,           9
24/04/2011 00:00,          10
25/04/2011 00:00,          18
26/04/2011 00:00,          17
27/04/2011 00:00,          14
28/04/2011 00:00,          12
29/04/2011 00:00,           6
30/04/2011 00:00,           3
01/05/2011 00:00,           8
02/05/2011 00:00,          17
03/05/2011 00:00,           7
04/05/2011 00:00,          11
05/05/2011 00:00,           8
06/05/2011 00:00,          14
07/05/2011 00:00,          17
08/05/2011 00:00,          18
09/05/2011 00:00,          16
10/05/2011 00:00,          17
11/05/2011 00:00,           9
12/05/2011 00:00,           6
13/05/2011 00:00,          11
14/05/2011 00:00,          13
15/05/2011 00:00,           8
16/05/2011 00:00,           6
17/05/2011 00:00,          14
18/05/2011 00:00,           9
19/05/2011 00:00,         733
20/05/2011 00:00,        1481
21/05/2011 00:00,        1490
22/05/2011 00:00,        1484
23/05/2011 00:00,        1472
24/05/2011 00:00,        1461
25/05/2011 00:00,        1468
26/05/2011 00:00,        1467
27/05/2011 00:00,        1456
28/05/2011 00:00,        1449
29/05/2011 00:00,        1425
30/05/2011 00:00,        1405
31/05/2011 00:00,        1383
01/06/2011 00:00,        1372
02/06/2011 00:00,        1361
03/06/2011 00:00,        1352
04/06/2011 00:00,        1357
05/06/2011 00:00,        1410
06/06/2011 00:00,        1405
07/06/2011 00:00,        1399
08/06/2011 00:00,        1397
09/06/2011 00:00,        1388
10/06/2011 00:00,        1378
11/06/2011 00:00,         176
12/06/2011 00:00,          21
13/06/2011 00:00,          27
14/06/2011 00:00,          33
15/06/2011 00:00,          36
16/06/2011 00:00,          15
17/06/2011 00:00,          11
18/06/2011 00:00,          10
19/06/2011 00:00,           8
20/06/2011 00:00,          25
21/06/2011 00:00,         357
22/06/2011 00:00,         479
23/06/2011 00:00,         544
24/06/2011 00:00,         124
25/06/2011 00:00,          21
26/06/2011 00:00,          19
27/06/2011 00:00,          28
28/06/2011 00:00,          30
29/06/2011 00:00,          28
30/06/2011 00:00,           8
01/07/2011 00:00,           6
02/07/2011 00:00,           6
03/07/2011 00:00,           9
04/07/2011 00:00,          10
05/07/2011 00:00,          11
06/07/2011 00:00,         170
07/07/2011 00:00,         461
08/07/2011 00:00,         391
09/07/2011 00:00,          12
10/07/2011 00:00,         169
11/07/2011 00:00,         374
12/07/2011 00:00,           9
13/07/2011 00:00,          16
14/07/2011 00:00,          25
15/07/2011 00:00,          32
16/07/2011 00:00,          34
17/07/2011 00:00,          16
18/07/2011 00:00,          14
19/07/2011 00:00,          23
20/07/2011 00:00,          24
21/07/2011 00:00,          33
22/07/2011 00:00,          23
23/07/2011 00:00,          22
24/07/2011 00:00,           9
25/07/2011 00:00,          19
26/07/2011 00:00,          25
27/07/2011 00:00,         326
28/07/2011 00:00,         383
29/07/2011 00:00,         338
30/07/2011 00:00,         344
31/07/2011 00:00,         353
01/08/2011 00:00,         360
02/08/2011 00:00,         370
03/08/2011 00:00,         381
04/08/2011 00:00,         384
05/08/2011 00:00,         258
06/08/2011 00:00,          19
07/08/2011 00:00,          22
08/08/2011 00:00,         293
09/08/2011 00:00,         863
10/08/2011 00:00,         912
11/08/2011 00:00,         967
12/08/2011 00:00,         973
13/08/2011 00:00,         990
14/08/2011 00:00,        1002
15/08/2011 00:00,         992
16/08/2011 00:00,         979
17/08/2011 00:00,         968
18/08/2011 00:00,         971
19/08/2011 00:00,         981
20/08/2011 00:00,         979
21/08/2011 00:00,         806
22/08/2011 00:00,         376
23/08/2011 00:00,         350
24/08/2011 00:00,         332
25/08/2011 00:00,         333
26/08/2011 00:00,         339
27/08/2011 00:00,         341
28/08/2011 00:00,         344
29/08/2011 00:00,         345
30/08/2011 00:00,         350
31/08/2011 00:00,         347
01/09/2011 00:00,         363
02/09/2011 00:00,         374
03/09/2011 00:00,         687
04/09/2011 00:00,         926
05/09/2011 00:00,         921
06/09/2011 00:00,         888
07/09/2011 00:00,         838
08/09/2011 00:00,         820
09/09/2011 00:00,         805
10/09/2011 00:00,         803
11/09/2011 00:00,         805
12/09/2011 00:00,         812
13/09/2011 00:00,         815
14/09/2011 00:00,         770
15/09/2011 00:00,          60
16/09/2011 00:00,          16
17/09/2011 00:00,          20
18/09/2011 00:00,          19
19/09/2011 00:00,          10
20/09/2011 00:00,          12
21/09/2011 00:00,          11
22/09/2011 00:00,          11
23/09/2011 00:00,          14
24/09/2011 00:00,          17
25/09/2011 00:00,          26
26/09/2011 00:00,          17
27/09/2011 00:00,           7
28/09/2011 00:00,          11
29/09/2011 00:00,          13
30/09/2011 00:00,          15
01/10/2011 00:00,          18
02/10/2011 00:00,          26
03/10/2011 00:00,          24
04/10/2011 00:00,          17
05/10/2011 00:00,           6
06/10/2011 00:00,           6
07/10/2011 00:00,           8
08/10/2011 00:00,          13
09/10/2011 00:00,          13
10/10/2011 00:00,          18
11/10/2011 00:00,          10
12/10/2011 00:00,          14
13/10/2011 00:00,          18
14/10/2011 00:00,           8
15/10/2011 00:00,          10
16/10/2011 00:00,          16
17/10/2011 00:00,          21
18/10/2011 00:00,          20
19/10/2011 00:00,          11
20/10/2011 00:00,           6
21/10/2011 00:00,           9
22/10/2011 00:00,           8
23/10/2011 00:00,           9
24/10/2011 00:00,          13
25/10/2011 00:00,          19
26/10/2011 00:00,          20
27/10/2011 00:00,          12
28/10/2011 00:00,           6
29/10/2011 00:00,          10
30/10/2011 00:00,          10
31/10/2011 00:00,          10
01/11/2011 00:00,           7
02/11/2011 00:00,           7
03/11/2011 00:00,          11
04/11/2011 00:00,          20
05/11/2011 00:00,          13
06/11/2011 00:00,          10
07/11/2011 00:00,          14
08/11/2011 00:00,           6
09/11/2011 00:00,           8
10/11/2011 00:00,          16
11/11/2011 00:00,          16
12/11/2011 00:00,          16
13/11/2011 00:00,           8
14/11/2011 00:00,          14
15/11/2011 00:00,          16
16/11/2011 00:00,          17
17/11/2011 00:00,          14
18/11/2011 00:00,           8
19/11/2011 00:00,          10
20/11/2011 00:00,          18
21/11/2011 00:00,          15
22/11/2011 00:00,          13
23/11/2011 00:00,          13
24/11/2011 00:00,          15
25/11/2011 00:00,           8
26/11/2011 00:00,           7
27/11/2011 00:00,           7
28/11/2011 00:00,           8
29/11/2011 00:00,           6
30/11/2011 00:00,          13
01/12/2011 00:00,          16
02/12/2011 00:00,          17
03/12/2011 00:00,           9
04/12/2011 00:00,          11
05/12/2011 00:00,          16
06/12/2011 00:00,          13
07/12/2011 00:00,          16
08/12/2011 00:00,          13
09/12/2011 00:00,           5
10/12/2011 00:00,           5
11/12/2011 00:00,          15
12/12/2011 00:00,          12
13/12/2011 00:00,          16
14/12/2011 00:00,          19
15/12/2011 00:00,          11
16/12/2011 00:00,          10
17/12/2011 00:00,           5
18/12/2011 00:00,           4
19/12/2011 00:00,           8
20/12/2011 00:00,          12
21/12/2011 00:00,          10
22/12/2011 00:00,          11
23/12/2011 00:00,           8
24/12/2011 00:00,           9
25/12/2011 00:00,           8
26/12/2011 00:00,           7
27/12/2011 00:00,          10
28/12/2011 00:00,          16
29/12/2011 00:00,          15
30/12/2011 00:00,          12
31/12/2011 00:00,          13
01/01/2012 00:00,          13
02/01/2012 00:00,          10
03/01/2012 00:00,           8
04/01/2012 00:00,          10
05/01/2012 00:00,          19
06/01/2012 00:00,          16
07/01/2012 00:00,           7
08/01/2012 00:00,           7
09/01/2012 00:00,           9
10/01/2012 00:00,           9
11/01/2012 00:00,          11
12/01/2012 00:00,           9
13/01/2012 00:00,           7
14/01/2012 00:00,          10
15/01/2012 00:00,          13
16/01/2012 00:00,          12
17/01/2012 00:00,           9
18/01/2012 00:00,           8
19/01/2012 00:00,          13
20/01/2012 00:00,           6
21/01/2012 00:00,           0
22/01/2012 00:00,           0
23/01/2012 00:00,           0
24/01/2012 00:00,           0
25/01/2012 00:00,           0
26/01/2012 00:00,           0
27/01/2012 00:00,           0
28/01/2012 00:00,           0
29/01/2012 00:00,           0
30/01/2012 00:00,           0
31/01/2012 00:00,           0
01/02/2012 00:00,           0
02/02/2012 00:00,           0
03/02/2012 00:00,           0
04/02/2012 00:00,           0
05/02/2012 00:00,           0
06/02/2012 00:00,           0
07/02/2012 00:00,           0
08/02/2012 00:00,           0
09/02/2012 00:00,           0
10/02/2012 00:00,           0
11/02/2012 00:00,           0
12/02/2012 00:00,           0
13/02/2012 00:00,           0
14/02/2012 00:00,           0
15/02/2012 00:00,           0
16/02/2012 00:00,           0
17/02/2012 00:00,           0
18/02/2012 00:00,           0
19/02/2012 00:00,           0
20/02/2012 00:00,           0
21/02/2012 00:00,           0
22/02/2012 00:00,           0
23/02/2012 00:00,           0
24/02/2012 00:00,           0
25/02/2012 00:00,           0
26/02/2012 00:00,           0
27/02/2012 00:00,           0
28/02/2012 00:00,           0
29/02/2012 00:00,           0
01/03/2012 00:00,           0
02/03/2012 00:00,           0
03/03/2012 00:00,           0
04/03/2012 00:00,           0
05/03/2012 00:00,           0
06/03/2012 00:00,           0
07/03/2012 00:00,           0
08/03/2012 00:00,           0
09/03/2012 00:00,           0
10/03/2012 00:00,           0
11/03/2012 00:00,           0
12/03/2012 00:00,           0
13/03/2012 00:00,           0
14/03/2012 00:00,           0
15/03/2012 00:00,           0
16/03/2012 00:00,           0
17/03/2012 00:00,           0
18/03/2012 00:00,           0
19/03/2012 00:00,           0
20/03/2012 00:00,           0
21/03/2012 00:00,           0
22/03/2012 00:00,           0
23/03/2012 00:00,           0
24/03/2012 00:00,           0
25/03/2012 00:00,           0
26/03/2012 00:00,           0
27/03/2012 00:00,           0
28/03/2012 00:00,           0
29/03/2012 00:00,           0
30/03/2012 00:00,           0
31/03/2012 00:00,           0
01/04/2012 00:00,           0
02/04/2012 00:00,           0
03/04/2012 00:00,           0
04/04/2012 00:00,           0
05/04/2012 00:00,           0
06/04/2012 00:00,           0
07/04/2012 00:00,           0
08/04/2012 00:00,           0
09/04/2012 00:00,           0
10/04/2012 00:00,           0
11/04/2012 00:00,           0
12/04/2012 00:00,           0
13/04/2012 00:00,           0
14/04/2012 00:00,           0
15/04/2012 00:00,           0
16/04/2012 00:00,           0
17/04/2012 00:00,           0
18/04/2012 00:00,           0
19/04/2012 00:00,           0
20/04/2012 00:00,           0
21/04/2012 00:00,           0
22/04/2012 00:00,           0
23/04/2012 00:00,           0
24/04/2012 00:00,           0
25/04/2012 00:00,           0
26/04/2012 00:00,           0
27/04/2012 00:00,           0
28/04/2012 00:00,           0
29/04/2012 00:00,           0
30/04/2012 00:00,           0
01/05/2012 00:00,           0
02/05/2012 00:00,           0
03/05/2012 00:00,           0
04/05/2012 00:00,           0
05/05/2012 00:00,           0
06/05/2012 00:00,           0
07/05/2012 00:00,           0
08/05/2012 00:00,           0
09/05/2012 00:00,           0
10/05/2012 00:00,           0
11/05/2012 00:00,           0
12/05/2012 00:00,           0
13/05/2012 00:00,           0
14/05/2012 00:00,           0
15/05/2012 00:00,           0
16/05/2012 00:00,           0
17/05/2012 00:00,           0
18/05/2012 00:00,           0
19/05/2012 00:00,           0
20/05/2012 00:00,           0
21/05/2012 00:00,           0
22/05/2012 00:00,           0
23/05/2012 00:00,           0
24/05/2012 00:00,           0
25/05/2012 00:00,           0
26/05/2012 00:00,           0
27/05/2012 00:00,           0
28/05/2012 00:00,           0
29/05/2012 00:00,           0
30/05/2012 00:00,           0
31/05/2012 00:00,           0
01/06/2012 00:00,           0
02/06/2012 00:00,           0
03/06/2012 00:00,           0
04/06/2012 00:00,           0
05/06/2012 00:00,           0
06/06/2012 00:00,           0
07/06/2012 00:00,           0
08/06/2012 00:00,           0
09/06/2012 00:00,           0
10/06/2012 00:00,           0
11/06/2012 00:00,           0
12/06/2012 00:00,           0
13/06/2012 00:00,           0
14/06/2012 00:00,           0
15/06/2012 00:00,           0
16/06/2012 00:00,           0
17/06/2012 00:00,           0
18/06/2012 00:00,           0
19/06/2012 00:00,           0
20/06/2012 00:00,           0
21/06/2012 00:00,           0
22/06/2012 00:00,           0
23/06/2012 00:00,           0
24/06/2012 00:00,           0
25/06/2012 00:00,           0
26/06/2012 00:00,           3
27/06/2012 00:00,          18
28/06/2012 00:00,          11
29/06/2012 00:00,           4
30/06/2012 00:00,           9
01/07/2012 00:00,           7
02/07/2012 00:00,           7
03/07/2012 00:00,           5
04/07/2012 00:00,          16
05/07/2012 00:00,          23
06/07/2012 00:00,          28
07/07/2012 00:00,          30
08/07/2012 00:00,           9
09/07/2012 00:00,           6
10/07/2012 00:00,           3
11/07/2012 00:00,           5
12/07/2012 00:00,           5
13/07/2012 00:00,           8
14/07/2012 00:00,           9
15/07/2012 00:00,           5
16/07/2012 00:00,           3
17/07/2012 00:00,           6
18/07/2012 00:00,          18
19/07/2012 00:00,           7
20/07/2012 00:00,           9
21/07/2012 00:00,          12
22/07/2012 00:00,           9
23/07/2012 00:00,          15
24/07/2012 00:00,          11
25/07/2012 00:00,           3
26/07/2012 00:00,           7
27/07/2012 00:00,           9
28/07/2012 00:00,          10
29/07/2012 00:00,          17
30/07/2012 00:00,          20
31/07/2012 00:00,          23
01/08/2012 00:00,          27
02/08/2012 00:00,          11
03/08/2012 00:00,          14
04/08/2012 00:00,          13
05/08/2012 00:00,           7
06/08/2012 00:00,          18
07/08/2012 00:00,           8
08/08/2012 00:00,           5
09/08/2012 00:00,          11
10/08/2012 00:00,          10
11/08/2012 00:00,          17
12/08/2012 00:00,          16
13/08/2012 00:00,          16
14/08/2012 00:00,           9
15/08/2012 00:00,          10
16/08/2012 00:00,           8
17/08/2012 00:00,           7
18/08/2012 00:00,          85
19/08/2012 00:00,         224
20/08/2012 00:00,         213
21/08/2012 00:00,         200
22/08/2012 00:00,         200
23/08/2012 00:00,         203
24/08/2012 00:00,         214
25/08/2012 00:00,         235
26/08/2012 00:00,         274
27/08/2012 00:00,         302
28/08/2012 00:00,         301
29/08/2012 00:00,         301
30/08/2012 00:00,         307
31/08/2012 00:00,         314
01/09/2012 00:00,         332
02/09/2012 00:00,         353
03/09/2012 00:00,         365
04/09/2012 00:00,         391
05/09/2012 00:00,         397
06/09/2012 00:00,         386
07/09/2012 00:00,         382
08/09/2012 00:00,         386
09/09/2012 00:00,         405
10/09/2012 00:00,         443
11/09/2012 00:00,         453
12/09/2012 00:00,         462
13/09/2012 00:00,         454
14/09/2012 00:00,         443
15/09/2012 00:00,         443
16/09/2012 00:00,         445
17/09/2012 00:00,         449
18/09/2012 00:00,         450
19/09/2012 00:00,         456
20/09/2012 00:00,         451
21/09/2012 00:00,         369
22/09/2012 00:00,           0
23/09/2012 00:00,           0
24/09/2012 00:00,           0
25/09/2012 00:00,           0
26/09/2012 00:00,           0
27/09/2012 00:00,           0
28/09/2012 00:00,           0
29/09/2012 00:00,           0
30/09/2012 00:00,           0
01/10/2012 00:00,           0
02/10/2012 00:00,           0
03/10/2012 00:00,           0
04/10/2012 00:00,           0
05/10/2012 00:00,           0
06/10/2012 00:00,           0
07/10/2012 00:00,           0
08/10/2012 00:00,           0
09/10/2012 00:00,           0
10/10/2012 00:00,           0
11/10/2012 00:00,           0
12/10/2012 00:00,           0
13/10/2012 00:00,           0
14/10/2012 00:00,           0
15/10/2012 00:00,           0
16/10/2012 00:00,           0
17/10/2012 00:00,           0
18/10/2012 00:00,           0
19/10/2012 00:00,           0
20/10/2012 00:00,           0
21/10/2012 00:00,           0
22/10/2012 00:00,           0
23/10/2012 00:00,           0
24/10/2012 00:00,           0
25/10/2012 00:00,           0
26/10/2012 00:00,           0
27/10/2012 00:00,           0
28/10/2012 00:00,           0
29/10/2012 00:00,           0
30/10/2012 00:00,           0
31/10/2012 00:00,           0
01/11/2012 00:00,           0
02/11/2012 00:00,           0
03/11/2012 00:00,           0
04/11/2012 00:00,           0
05/11/2012 00:00,           0
06/11/2012 00:00,           0
07/11/2012 00:00,           0
08/11/2012 00:00,           0
09/11/2012 00:00,           0
10/11/2012 00:00,           0
11/11/2012 00:00,           0
12/11/2012 00:00,           0
13/11/2012 00:00,           0
14/11/2012 00:00,           0
15/11/2012 00:00,           0
16/11/2012 00:00,           0
17/11/2012 00:00,           0
18/11/2012 00:00,           0
19/11/2012 00:00,           0
20/11/2012 00:00,           0
21/11/2012 00:00,           0
22/11/2012 00:00,           0
23/11/2012 00:00,           0
24/11/2012 00:00,           0
25/11/2012 00:00,           0
26/11/2012 00:00,           0
27/11/2012 00:00,           0
28/11/2012 00:00,           0
29/11/2012 00:00,           0
30/11/2012 00:00,           0
01/12/2012 00:00,           0
02/12/2012 00:00,           0
03/12/2012 00:00,           0
04/12/2012 00:00,           0
05/12/2012 00:00,           0
06/12/2012 00:00,           0
07/12/2012 00:00,           0
08/12/2012 00:00,           0
09/12/2012 00:00,           0
10/12/2012 00:00,           0
11/12/2012 00:00,           0
12/12/2012 00:00,           0
13/12/2012 00:00,           0
14/12/2012 00:00,           0
15/12/2012 00:00,           0
16/12/2012 00:00,           0
17/12/2012 00:00,           0
18/12/2012 00:00,           0
19/12/2012 00:00,           0
20/12/2012 00:00,           0
21/12/2012 00:00,           0
22/12/2012 00:00,           0
23/12/2012 00:00,           0
24/12/2012 00:00,           0
25/12/2012 00:00,           0
26/12/2012 00:00,           0
27/12/2012 00:00,           0
28/12/2012 00:00,           0
29/12/2012 00:00,           0
30/12/2012 00:00,           0
31/12/2012 00:00,           0
01/01/2013 00:00,           0
02/01/2013 00:00,           0
03/01/2013 00:00,           0
04/01/2013 00:00,           0
05/01/2013 00:00,           0
06/01/2013 00:00,           0
07/01/2013 00:00,           0
08/01/2013 00:00,           0
09/01/2013 00:00,           0
10/01/2013 00:00,           0
11/01/2013 00:00,           0
12/01/2013 00:00,           0
13/01/2013 00:00,           0
14/01/2013 00:00,           0
15/01/2013 00:00,           0
16/01/2013 00:00,           0
17/01/2013 00:00,           0
18/01/2013 00:00,           0
19/01/2013 00:00,           0
20/01/2013 00:00,           0
21/01/2013 00:00,           0
22/01/2013 00:00,           0
23/01/2013 00:00,           0
24/01/2013 00:00,           0
25/01/2013 00:00,           0
26/01/2013 00:00,           0
27/01/2013 00:00,           0
28/01/2013 00:00,           0
29/01/2013 00:00,           0
30/01/2013 00:00,           0
31/01/2013 00:00,           0
01/02/2013 00:00,           0
02/02/2013 00:00,           0
03/02/2013 00:00,           0
04/02/2013 00:00,           0
05/02/2013 00:00,           0
06/02/2013 00:00,           0
07/02/2013 00:00,           0
08/02/2013 00:00,           0
09/02/2013 00:00,           0
10/02/2013 00:00,           0
11/02/2013 00:00,           0
12/02/2013 00:00,           0
13/02/2013 00:00,           0
14/02/2013 00:00,           0
15/02/2013 00:00,           0
16/02/2013 00:00,           0
17/02/2013 00:00,           0
18/02/2013 00:00,           0
19/02/2013 00:00,           0
20/02/2013 00:00,           0
21/02/2013 00:00,           0
22/02/2013 00:00,           0
23/02/2013 00:00,           0
24/02/2013 00:00,           0
25/02/2013 00:00,           0
26/02/2013 00:00,           0
27/02/2013 00:00,           0
28/02/2013 00:00,           0
01/03/2013 00:00,           0
02/03/2013 00:00,           0
03/03/2013 00:00,           0
04/03/2013 00:00,           0
05/03/2013 00:00,           0
06/03/2013 00:00,           0
07/03/2013 00:00,           0
08/03/2013 00:00,           0
09/03/2013 00:00,           0
10/03/2013 00:00,           0
11/03/2013 00:00,           0
12/03/2013 00:00,           0
13/03/2013 00:00,           0
14/03/2013 00:00,           0
15/03/2013 00:00,           0
16/03/2013 00:00,           0
17/03/2013 00:00,           0
18/03/2013 00:00,           0
19/03/2013 00:00,           0
20/03/2013 00:00,           0
21/03/2013 00:00,           0
22/03/2013 00:00,           0
23/03/2013 00:00,           0
24/03/2013 00:00,           0
25/03/2013 00:00,           0
26/03/2013 00:00,           0
27/03/2013 00:00,           0
28/03/2013 00:00,           0
29/03/2013 00:00,           0
30/03/2013 00:00,           0
31/03/2013 00:00,           0
01/04/2013 00:00,           0
02/04/2013 00:00,           0
03/04/2013 00:00,           0
04/04/2013 00:00,           0
05/04/2013 00:00,           0
06/04/2013 00:00,           0
07/04/2013 00:00,           0
08/04/2013 00:00,           0
09/04/2013 00:00,           0
10/04/2013 00:00,           0
11/04/2013 00:00,           0
12/04/2013 00:00,           0
13/04/2013 00:00,           0
14/04/2013 00:00,           0
15/04/2013 00:00,           0
16/04/2013 00:00,           0
17/04/2013 00:00,           0
18/04/2013 00:00,           0
19/04/2013 00:00,           0
20/04/2013 00:00,           0
21/04/2013 00:00,           0
22/04/2013 00:00,           0
23/04/2013 00:00,           0
24/04/2013 00:00,           0
25/04/2013 00:00,           0
26/04/2013 00:00,           0
27/04/2013 00:00,           0
28/04/2013 00:00,           0
29/04/2013 00:00,           0
30/04/2013 00:00,           0
01/05/2013 00:00,           0
02/05/2013 00:00,           0
03/05/2013 00:00,           0
04/05/2013 00:00,           0
05/05/2013 00:00,           0
06/05/2013 00:00,           0
07/05/2013 00:00,           0
08/05/2013 00:00,           0
09/05/2013 00:00,           0
10/05/2013 00:00,           0
11/05/2013 00:00,           0
12/05/2013 00:00,           0
13/05/2013 00:00,           0
14/05/2013 00:00,           0
15/05/2013 00:00,           0
16/05/2013 00:00,           0
17/05/2013 00:00,           0
18/05/2013 00:00,           0
19/05/2013 00:00,           0
20/05/2013 00:00,           0
21/05/2013 00:00,           0
22/05/2013 00:00,           0
23/05/2013 00:00,           0
24/05/2013 00:00,           0
25/05/2013 00:00,           0
26/05/2013 00:00,           0
27/05/2013 00:00,           0
28/05/2013 00:00,           0
29/05/2013 00:00,           0
30/05/2013 00:00,           0
31/05/2013 00:00,           0
01/06/2013 00:00,           0
02/06/2013 00:00,           0
03/06/2013 00:00,           0
04/06/2013 00:00,           0
05/06/2013 00:00,           0
06/06/2013 00:00,           0
07/06/2013 00:00,           0
08/06/2013 00:00,           0
09/06/2013 00:00,           0
10/06/2013 00:00,           0
11/06/2013 00:00,           0
12/06/2013 00:00,           0
13/06/2013 00:00,           0
14/06/2013 00:00,           0
15/06/2013 00:00,           0
16/06/2013 00:00,           0
17/06/2013 00:00,           0
18/06/2013 00:00,           0
19/06/2013 00:00,           0
20/06/2013 00:00,           0
21/06/2013 00:00,           0
22/06/2013 00:00,           0
23/06/2013 00:00,           0
24/06/2013 00:00,           0
25/06/2013 00:00,           0
26/06/2013 00:00,           0
27/06/2013 00:00,           0
28/06/2013 00:00,           0
29/06/2013 00:00,           0
30/06/2013 00:00,           0
01/07/2013 00:00,           0
02/07/2013 00:00,           0
03/07/2013 00:00,           0
04/07/2013 00:00,           0
05/07/2013 00:00,           0
06/07/2013 00:00,           0
07/07/2013 00:00,           0
08/07/2013 00:00,           0
09/07/2013 00:00,           0
10/07/2013 00:00,           0
11/07/2013 00:00,           0
12/07/2013 00:00,           0
13/07/2013 00:00,           0
14/07/2013 00:00,           0
15/07/2013 00:00,           0
16/07/2013 00:00,           0
17/07/2013 00:00,           0
18/07/2013 00:00,           0
19/07/2013 00:00,           0
20/07/2013 00:00,           0
21/07/2013 00:00,           0
22/07/2013 00:00,           0
23/07/2013 00:00,           0
24/07/2013 00:00,           0
25/07/2013 00:00,           0
26/07/2013 00:00,           0
27/07/2013 00:00,           0
28/07/2013 00:00,           0
29/07/2013 00:00,           0
30/07/2013 00:00,           0
31/07/2013 00:00,           0
01/08/2013 00:00,           0
02/08/2013 00:00,           0
03/08/2013 00:00,           0
04/08/2013 00:00,           0
05/08/2013 00:00,           0
06/08/2013 00:00,           3
07/08/2013 00:00,          12
08/08/2013 00:00,           1
09/08/2013 00:00,          -5
10/08/2013 00:00,           5
11/08/2013 00:00,          -3
12/08/2013 00:00,          -2
13/08/2013 00:00,           1
14/08/2013 00:00,          -1
15/08/2013 00:00,         142
16/08/2013 00:00,         247
17/08/2013 00:00,         241
18/08/2013 00:00,         232
19/08/2013 00:00,         235
20/08/2013 00:00,         235
21/08/2013 00:00,         216
22/08/2013 00:00,         223
23/08/2013 00:00,         241
24/08/2013 00:00,         248
25/08/2013 00:00,         256
26/08/2013 00:00,         268
27/08/2013 00:00,         289
28/08/2013 00:00,         315
29/08/2013 00:00,         347
30/08/2013 00:00,         364
31/08/2013 00:00,         358
01/09/2013 00:00,         356
02/09/2013 00:00,         378
03/09/2013 00:00,         409
04/09/2013 00:00,         439
05/09/2013 00:00,         462
06/09/2013 00:00,         475
07/09/2013 00:00,         479
08/09/2013 00:00,         493
09/09/2013 00:00,         495
10/09/2013 00:00,         503
11/09/2013 00:00,         504
12/09/2013 00:00,         503
13/09/2013 00:00,         512
14/09/2013 00:00,         506
15/09/2013 00:00,         506
16/09/2013 00:00,         478
17/09/2013 00:00,           4
18/09/2013 00:00,           2
19/09/2013 00:00,          91
20/09/2013 00:00,         438
21/09/2013 00:00,         542
22/09/2013 00:00,         595
23/09/2013 00:00,         648
24/09/2013 00:00,         673
25/09/2013 00:00,         681
26/09/2013 00:00,         662
27/09/2013 00:00,         662
28/09/2013 00:00,         659
29/09/2013 00:00,         667
30/09/2013 00:00,         677
01/10/2013 00:00,         676
02/10/2013 00:00,         655
03/10/2013 00:00,         633
04/10/2013 00:00,         637
05/10/2013 00:00,         668
06/10/2013 00:00,         711
07/10/2013 00:00,         734
08/10/2013 00:00,         735
09/10/2013 00:00,         733
10/10/2013 00:00,         736
11/10/2013 00:00,         735
12/10/2013 00:00,         738
13/10/2013 00:00,         741
14/10/2013 00:00,         748
15/10/2013 00:00,         648
16/10/2013 00:00,          17
17/10/2013 00:00,           8
18/10/2013 00:00,          12
19/10/2013 00:00,           8
20/10/2013 00:00,           0
21/10/2013 00:00,          -3
22/10/2013 00:00,          40
23/10/2013 00:00,         137
24/10/2013 00:00,           7
25/10/2013 00:00,           3
26/10/2013 00:00,           3
27/10/2013 00:00,         454
28/10/2013 00:00,         522
29/10/2013 00:00,         477
30/10/2013 00:00,         452
31/10/2013 00:00,         431
01/11/2013 00:00,         429
02/11/2013 00:00,         432
03/11/2013 00:00,         444
04/11/2013 00:00,         451
05/11/2013 00:00,         468
06/11/2013 00:00,         488
07/11/2013 00:00,         487
08/11/2013 00:00,           0
09/11/2013 00:00,           0
10/11/2013 00:00,           0
11/11/2013 00:00,           0
12/11/2013 00:00,           0
13/11/2013 00:00,           0
14/11/2013 00:00,           0
15/11/2013 00:00,           0
16/11/2013 00:00,           0
17/11/2013 00:00,           0
18/11/2013 00:00,           0
19/11/2013 00:00,           0
20/11/2013 00:00,           0
21/11/2013 00:00,           0
22/11/2013 00:00,           0
23/11/2013 00:00,           0
24/11/2013 00:00,           0
25/11/2013 00:00,           0
26/11/2013 00:00,           0
27/11/2013 00:00,           0
28/11/2013 00:00,           0
29/11/2013 00:00,           0
30/11/2013 00:00,           0
01/12/2013 00:00,           0
02/12/2013 00:00,           0
03/12/2013 00:00,           0
04/12/2013 00:00,           0
05/12/2013 00:00,           0
06/12/2013 00:00,           0
07/12/2013 00:00,           0
08/12/2013 00:00,           0
09/12/2013 00:00,           0
10/12/2013 00:00,           0
11/12/2013 00:00,           0
12/12/2013 00:00,           0
13/12/2013 00:00,           0
14/12/2013 00:00,           0
15/12/2013 00:00,           0
16/12/2013 00:00,           0
17/12/2013 00:00,           0
18/12/2013 00:00,           0
19/12/2013 00:00,           0
20/12/2013 00:00,           0
21/12/2013 00:00,           0
22/12/2013 00:00,           0
23/12/2013 00:00,           0
24/12/2013 00:00,           0
25/12/2013 00:00,           0
26/12/2013 00:00,           0
27/12/2013 00:00,           0
28/12/2013 00:00,           0
29/12/2013 00:00,           0
30/12/2013 00:00,           0
31/12/2013 00:00,           0
01/01/2014 00:00,           0
02/01/2014 00:00,           0
03/01/2014 00:00,           0
04/01/2014 00:00,           0
05/01/2014 00:00,           0
06/01/2014 00:00,           0
07/01/2014 00:00,           0
08/01/2014 00:00,           0
09/01/2014 00:00,           0
10/01/2014 00:00,           0
11/01/2014 00:00,           0
12/01/2014 00:00,           0
13/01/2014 00:00,           0
14/01/2014 00:00,           0
15/01/2014 00:00,           0
16/01/2014 00:00,           0
17/01/2014 00:00,           0
18/01/2014 00:00,           0
19/01/2014 00:00,           0
20/01/2014 00:00,           0
21/01/2014 00:00,           0
22/01/2014 00:00,           0
23/01/2014 00:00,           0
24/01/2014 00:00,           0
25/01/2014 00:00,           0
26/01/2014 00:00,           0
27/01/2014 00:00,           0
28/01/2014 00:00,           0
29/01/2014 00:00,           0
30/01/2014 00:00,           0
31/01/2014 00:00,           0
01/02/2014 00:00,           0
02/02/2014 00:00,           0
03/02/2014 00:00,           0
04/02/2014 00:00,           0
05/02/2014 00:00,           0
06/02/2014 00:00,           0
07/02/2014 00:00,           0
08/02/2014 00:00,           0
09/02/2014 00:00,           0
10/02/2014 00:00,           0
11/02/2014 00:00,           0
12/02/2014 00:00,           0
13/02/2014 00:00,           0
14/02/2014 00:00,           0
15/02/2014 00:00,           0
16/02/2014 00:00,           0
17/02/2014 00:00,           0
18/02/2014 00:00,           0
19/02/2014 00:00,           0
20/02/2014 00:00,           0
21/02/2014 00:00,           0
22/02/2014 00:00,           0
23/02/2014 00:00,           0
24/02/2014 00:00,           0
25/02/2014 00:00,           0
26/02/2014 00:00,           0
27/02/2014 00:00,           0
28/02/2014 00:00,           0
01/03/2014 00:00,           0
02/03/2014 00:00,           0
03/03/2014 00:00,           0
04/03/2014 00:00,           0
05/03/2014 00:00,           0
06/03/2014 00:00,           0
07/03/2014 00:00,           0
08/03/2014 00:00,           0
09/03/2014 00:00,           0
10/03/2014 00:00,           0
11/03/2014 00:00,           0
12/03/2014 00:00,           0
13/03/2014 00:00,           0
14/03/2014 00:00,           0
15/03/2014 00:00,           0
16/03/2014 00:00,           0
17/03/2014 00:00,           0
18/03/2014 00:00,           0
19/03/2014 00:00,           0
20/03/2014 00:00,           0
21/03/2014 00:00,           0
22/03/2014 00:00,           0
23/03/2014 00:00,           0
24/03/2014 00:00,           0
25/03/2014 00:00,           0
26/03/2014 00:00,           0
27/03/2014 00:00,           0
28/03/2014 00:00,           0
29/03/2014 00:00,           0
30/03/2014 00:00,           0
31/03/2014 00:00,           0
01/04/2014 00:00,           0
02/04/2014 00:00,           0
03/04/2014 00:00,           0
04/04/2014 00:00,           0
05/04/2014 00:00,           0
06/04/2014 00:00,           0
07/04/2014 00:00,           0
08/04/2014 00:00,           0
09/04/2014 00:00,           0
10/04/2014 00:00,           0
11/04/2014 00:00,           0
12/04/2014 00:00,           0
13/04/2014 00:00,           0
14/04/2014 00:00,           0
15/04/2014 00:00,           0
16/04/2014 00:00,           0
17/04/2014 00:00,           0
18/04/2014 00:00,           0
19/04/2014 00:00,           0
20/04/2014 00:00,           0
21/04/2014 00:00,           0
22/04/2014 00:00,           0
23/04/2014 00:00,           0
24/04/2014 00:00,           0
25/04/2014 00:00,           0
26/04/2014 00:00,           0
27/04/2014 00:00,           0
28/04/2014 00:00,           0
29/04/2014 00:00,           0
30/04/2014 00:00,           0
01/05/2014 00:00,           0
02/05/2014 00:00,           0
03/05/2014 00:00,           0
04/05/2014 00:00,           0
05/05/2014 00:00,           0
06/05/2014 00:00,           0
07/05/2014 00:00,           0
08/05/2014 00:00,           0
09/05/2014 00:00,           0
10/05/2014 00:00,           0
11/05/2014 00:00,           0
12/05/2014 00:00,           0
13/05/2014 00:00,           0
14/05/2014 00:00,           0
15/05/2014 00:00,           0
16/05/2014 00:00,           0
17/05/2014 00:00,           0
18/05/2014 00:00,           0
19/05/2014 00:00,           0
20/05/2014 00:00,           0
21/05/2014 00:00,           0
22/05/2014 00:00,           0
23/05/2014 00:00,           0
24/05/2014 00:00,           0
25/05/2014 00:00,           0
26/05/2014 00:00,           0
27/05/2014 00:00,           0
28/05/2014 00:00,           0
29/05/2014 00:00,           0
30/05/2014 00:00,           0
31/05/2014 00:00,           0
01/06/2014 00:00,           0
02/06/2014 00:00,           0
03/06/2014 00:00,           0
04/06/2014 00:00,           0
05/06/2014 00:00,           0
06/06/2014 00:00,           0
07/06/2014 00:00,           0
08/06/2014 00:00,           0
09/06/2014 00:00,           0
10/06/2014 00:00,           0
11/06/2014 00:00,           0
12/06/2014 00:00,           0
13/06/2014 00:00,           0
14/06/2014 00:00,           0
15/06/2014 00:00,           0
16/06/2014 00:00,           0
17/06/2014 00:00,           0
18/06/2014 00:00,           0
19/06/2014 00:00,           0
20/06/2014 00:00,           0
21/06/2014 00:00,           0
22/06/2014 00:00,          -6
23/06/2014 00:00,          -2
24/06/2014 00:00,          -6
25/06/2014 00:00,          -7
26/06/2014 00:00,          -5
27/06/2014 00:00,          -5
28/06/2014 00:00,          -4
29/06/2014 00:00,           0
30/06/2014 00:00,          -2
01/07/2014 00:00,          -1
02/07/2014 00:00,           0
03/07/2014 00:00,           2
04/07/2014 00:00,          -5
05/07/2014 00:00,          -4
06/07/2014 00:00,           5
07/07/2014 00:00,           2
08/07/2014 00:00,          -8
09/07/2014 00:00,           2
10/07/2014 00:00,           6
11/07/2014 00:00,          -7
12/07/2014 00:00,           5
13/07/2014 00:00,           0
14/07/2014 00:00,           0
15/07/2014 00:00,           0
16/07/2014 00:00,           0
17/07/2014 00:00,           0
18/07/2014 00:00,           0
19/07/2014 00:00,           0
20/07/2014 00:00,           0
21/07/2014 00:00,           0
22/07/2014 00:00,           0
23/07/2014 00:00,           0
24/07/2014 00:00,""
25/07/2014 00:00,""
26/07/2014 00:00,         337
27/07/2014 00:00,         342
28/07/2014 00:00,         356
29/07/2014 00:00,         359
30/07/2014 00:00,         365
31/07/2014 00:00,         371
01/08/2014 00:00,         342
02/08/2014 00:00,         381
03/08/2014 00:00,         455
04/08/2014 00:00,         476
05/08/2014 00:00,         426
06/08/2014 00:00,         400
07/08/2014 00:00,         403
08/08/2014 00:00,         415
09/08/2014 00:00,         425
10/08/2014 00:00,         427
11/08/2014 00:00,         436
12/08/2014 00:00,         446
13/08/2014 00:00,         453
14/08/2014 00:00,         458
15/08/2014 00:00,         465
16/08/2014 00:00,         470
17/08/2014 00:00,         471
18/08/2014 00:00,         475
19/08/2014 00:00,         484
20/08/2014 00:00,         492
21/08/2014 00:00,         252
22/08/2014 00:00,          10
23/08/2014 00:00,          -2
24/08/2014 00:00,           4
25/08/2014 00:00,           9
26/08/2014 00:00,          14
27/08/2014 00:00,          15
28/08/2014 00:00,          14
29/08/2014 00:00,          13
30/08/2014 00:00,          11
31/08/2014 00:00,           1
01/09/2014 00:00,           4
02/09/2014 00:00,          10
03/09/2014 00:00,          10
04/09/2014 00:00,          11
05/09/2014 00:00,          17
06/09/2014 00:00,          16
07/09/2014 00:00,           4
08/09/2014 00:00,          -7
09/09/2014 00:00,          -4
10/09/2014 00:00,          -1
11/09/2014 00:00,           5
12/09/2014 00:00,           7
13/09/2014 00:00,          12
14/09/2014 00:00,           6
15/09/2014 00:00,          -3
16/09/2014 00:00,           1
17/09/2014 00:00,           3
18/09/2014 00:00,           7
19/09/2014 00:00,          18
20/09/2014 00:00,          17
21/09/2014 00:00,          20
22/09/2014 00:00,          16
23/09/2014 00:00,           1
24/09/2014 00:00,          -3
25/09/2014 00:00,           2
26/09/2014 00:00,           1
27/09/2014 00:00,           5
28/09/2014 00:00,          -3
29/09/2014 00:00,           4
30/09/2014 00:00,           3
01/10/2014 00:00,          10
02/10/2014 00:00,          -3
03/10/2014 00:00,           3
04/10/2014 00:00,           6
05/10/2014 00:00,           4
06/10/2014 00:00,          -2
07/10/2014 00:00,           3
08/10/2014 00:00,           8
09/10/2014 00:00,          10
10/10/2014 00:00,           2
11/10/2014 00:00,           7
12/10/2014 00:00,          10
13/10/2014 00:00,          13
14/10/2014 00:00,           9
15/10/2014 00:00,           3
16/10/2014 00:00,           6
17/10/2014 00:00,          17
18/10/2014 00:00,           3
19/10/2014 00:00,           5
20/10/2014 00:00,           5
21/10/2014 00:00,           5
22/10/2014 00:00,           1
23/10/2014 00:00,           1
24/10/2014 00:00,           5
25/10/2014 00:00,           2
26/10/2014 00:00,           4
27/10/2014 00:00,           2
28/10/2014 00:00,           1
29/10/2014 00:00,           2
30/10/2014 00:00,           6
31/10/2014 00:00,           2
01/11/2014 00:00,           5
02/11/2014 00:00,           9
03/11/2014 00:00,          14
04/11/2014 00:00,           4
05/11/2014 00:00,          14
06/11/2014 00:00,          12
07/11/2014 00:00,           6
08/11/2014 00:00,           5
09/11/2014 00:00,          12
10/11/2014 00:00,          13
11/11/2014 00:00,          14
12/11/2014 00:00,           8
13/11/2014 00:00,           0
14/11/2014 00:00,          -1
15/11/2014 00:00,           3
16/11/2014 00:00,           0
17/11/2014 00:00,           4
18/11/2014 00:00,           6
19/11/2014 00:00,           9
20/11/2014 00:00,          -3
21/11/2014 00:00,           4
22/11/2014 00:00,           3
23/11/2014 00:00,           6
24/11/2014 00:00,           3
25/11/2014 00:00,           6
26/11/2014 00:00,           4
27/11/2014 00:00,          13
28/11/2014 00:00,           6
29/11/2014 00:00,           6
30/11/2014 00:00,           1
01/12/2014 00:00,          -3
02/12/2014 00:00,           0
03/12/2014 00:00,          -1
04/12/2014 00:00,           0
05/12/2014 00:00,          -2
06/12/2014 00:00,          -3
07/12/2014 00:00,          -2
08/12/2014 00:00,           3
09/12/2014 00:00,           5
10/12/2014 00:00,           1
11/12/2014 00:00,           3
12/12/2014 00:00,           6
13/12/2014 00:00,           6
14/12/2014 00:00,           6
15/12/2014 00:00,           9
16/12/2014 00:00,          10
17/12/2014 00:00,          11
18/12/2014 00:00,           8
19/12/2014 00:00,           5
20/12/2014 00:00,           7
21/12/2014 00:00,           4
22/12/2014 00:00,          -3
23/12/2014 00:00,          -1
24/12/2014 00:00,          11
25/12/2014 00:00,           8
26/12/2014 00:00,          12
27/12/2014 00:00,          11
28/12/2014 00:00,           6
29/12/2014 00:00,           0
30/12/2014 00:00,           0
31/12/2014 00:00,           4
01/01/2015 00:00,           2
02/01/2015 00:00,           3
03/01/2015 00:00,           1
04/01/2015 00:00,           3
05/01/2015 00:00,           4
06/01/2015 00:00,           2
07/01/2015 00:00,           2
08/01/2015 00:00,          -4
09/01/2015 00:00,          -3
10/01/2015 00:00,          -3
11/01/2015 00:00,          -3
12/01/2015 00:00,           0
13/01/2015 00:00,          -5
14/01/2015 00:00,          -4
15/01/2015 00:00,           1
16/01/2015 00:00,           4
17/01/2015 00:00,           0
18/01/2015 00:00,           2
19/01/2015 00:00,           9
20/01/2015 00:00,           0
21/01/2015 00:00,           1
22/01/2015 00:00,           2
23/01/2015 00:00,           3
24/01/2015 00:00,           5
25/01/2015 00:00,           4
26/01/2015 00:00,           7
27/01/2015 00:00,           7
28/01/2015 00:00,           3
29/01/2015 00:00,           3
30/01/2015 00:00,           4
31/01/2015 00:00,           0
01/02/2015 00:00,          -3
02/02/2015 00:00,          -2
03/02/2015 00:00,           0
04/02/2015 00:00,           2
05/02/2015 00:00,           4
06/02/2015 00:00,           1
07/02/2015 00:00,          -1
08/02/2015 00:00,          -1
09/02/2015 00:00,           4
10/02/2015 00:00,           3
11/02/2015 00:00,           0
12/02/2015 00:00,          -1
13/02/2015 00:00,          -3
14/02/2015 00:00,          -1
15/02/2015 00:00,          -2
16/02/2015 00:00,          -4
17/02/2015 00:00,          -2
18/02/2015 00:00,          -2
19/02/2015 00:00,           2
20/02/2015 00:00,           1
21/02/2015 00:00,           1
22/02/2015 00:00,          -1
23/02/2015 00:00,           0
24/02/2015 00:00,           8
25/02/2015 00:00,           7
26/02/2015 00:00,           0
27/02/2015 00:00,           1
28/02/2015 00:00,          -2
01/03/2015 00:00,           4
02/03/2015 00:00,           3
03/03/2015 00:00,           6
04/03/2015 00:00,           0
05/03/2015 00:00,           2
06/03/2015 00:00,          -4
07/03/2015 00:00,          -4
08/03/2015 00:00,          -5
09/03/2015 00:00,           0
10/03/2015 00:00,           0
11/03/2015 00:00,           0
12/03/2015 00:00,           0
13/03/2015 00:00,           0
14/03/2015 00:00,           0
15/03/2015 00:00,           0
16/03/2015 00:00,           0
17/03/2015 00:00,           0
18/03/2015 00:00,           0
19/03/2015 00:00,           0
20/03/2015 00:00,           0
21/03/2015 00:00,           0
22/03/2015 00:00,           0
23/03/2015 00:00,           0
24/03/2015 00:00,           0
25/03/2015 00:00,           0
26/03/2015 00:00,           0
27/03/2015 00:00,           0
28/03/2015 00:00,           0
29/03/2015 00:00,           0
30/03/2015 00:00,           0
31/03/2015 00:00,           0
01/04/2015 00:00,           0
02/04/2015 00:00,           0
03/04/2015 00:00,           0
04/04/2015 00:00,           0
05/04/2015 00:00,           0
06/04/2015 00:00,           0
07/04/2015 00:00,           0
08/04/2015 00:00,           0
09/04/2015 00:00,           0
10/04/2015 00:00,           0
11/04/2015 00:00,           0
12/04/2015 00:00,           0
13/04/2015 00:00,           0
14/04/2015 00:00,           0
15/04/2015 00:00,           0
16/04/2015 00:00,           0
17/04/2015 00:00,           0
18/04/2015 00:00,           0
19/04/2015 00:00,           0
20/04/2015 00:00,           0
21/04/2015 00:00,           0
22/04/2015 00:00,           0
23/04/2015 00:00,           0
24/04/2015 00:00,           0
25/04/2015 00:00,           0
26/04/2015 00:00,           0
27/04/2015 00:00,           0
28/04/2015 00:00,           0
29/04/2015 00:00,           0
30/04/2015 00:00,           0
01/05/2015 00:00,           0
02/05/2015 00:00,           0
03/05/2015 00:00,           0
04/05/2015 00:00,           0
05/05/2015 00:00,           0
06/05/2015 00:00,           0
07/05/2015 00:00,           0
08/05/2015 00:00,           0
09/05/2015 00:00,           0
10/05/2015 00:00,           0
11/05/2015 00:00,           0
12/05/2015 00:00,           0
13/05/2015 00:00,           0
14/05/2015 00:00,           0
15/05/2015 00:00,           0
16/05/2015 00:00,           0
17/05/2015 00:00,           0
18/05/2015 00:00,           0
19/05/2015 00:00,           0
20/05/2015 00:00,           0
21/05/2015 00:00,           0
22/05/2015 00:00,           0
23/05/2015 00:00,           0
24/05/2015 00:00,           0
25/05/2015 00:00,           0
26/05/2015 00:00,           0
27/05/2015 00:00,           0
28/05/2015 00:00,           0
29/05/2015 00:00,           0
30/05/2015 00:00,           0
31/05/2015 00:00,           0
01/06/2015 00:00,           0
02/06/2015 00:00,           0
03/06/2015 00:00,           0
04/06/2015 00:00,           0
05/06/2015 00:00,           0
06/06/2015 00:00,           0
07/06/2015 00:00,           0
08/06/2015 00:00,           0
09/06/2015 00:00,           0
10/06/2015 00:00,           0
11/06/2015 00:00,           0
12/06/2015 00:00,           0
13/06/2015 00:00,           0
14/06/2015 00:00,           0
15/06/2015 00:00,           0
16/06/2015 00:00,           0
17/06/2015 00:00,""
18/06/2015 00:00,""
19/06/2015 00:00,""
20/06/2015 00:00,""
21/06/2015 00:00,""
22/06/2015 00:00,""
23/06/2015 00:00,""
24/06/2015 00:00,""
25/06/2015 00:00,""
26/06/2015 00:00,""
27/06/2015 00:00,""
28/06/2015 00:00,""
29/06/2015 00:00,""
30/06/2015 00:00,""
01/07/2015 00:00,""
02/07/2015 00:00,""
03/07/2015 00:00,""
04/07/2015 00:00,""
05/07/2015 00:00,""
06/07/2015 00:00,""
07/07/2015 00:00,""
08/07/2015 00:00,""
09/07/2015 00:00,""
10/07/2015 00:00,""
11/07/2015 00:00,""
12/07/2015 00:00,""
13/07/2015 00:00,""
14/07/2015 00:00,""
15/07/2015 00:00,""
16/07/2015 00:00,""
17/07/2015 00:00,""
18/07/2015 00:00,""
19/07/2015 00:00,""
20/07/2015 00:00,""
21/07/2015 00:00,""
22/07/2015 00:00,""
23/07/2015 00:00,""
24/07/2015 00:00,""
25/07/2015 00:00,""
26/07/2015 00:00,""
27/07/2015 00:00,""
28/07/2015 00:00,""
29/07/2015 00:00,""
30/07/2015 00:00,""
31/07/2015 00:00,""
01/08/2015 00:00,""
02/08/2015 00:00,""
03/08/2015 00:00,""
04/08/2015 00:00,""
05/08/2015 00:00,""
06/08/2015 00:00,""
07/08/2015 00:00,""
08/08/2015 00:00,""
09/08/2015 00:00,""
10/08/2015 00:00,""
11/08/2015 00:00,""
12/08/2015 00:00,""
13/08/2015 00:00,""
14/08/2015 00:00,""
15/08/2015 00:00,""
16/08/2015 00:00,""
17/08/2015 00:00,""
18/08/2015 00:00,""
19/08/2015 00:00,""
20/08/2015 00:00,""
21/08/2015 00:00,""
22/08/2015 00:00,""
23/08/2015 00:00,""
24/08/2015 00:00,""
25/08/2015 00:00,""
26/08/2015 00:00,""
27/08/2015 00:00,""
28/08/2015 00:00,""
29/08/2015 00:00,""
30/08/2015 00:00,""
31/08/2015 00:00,""
01/09/2015 00:00,""
02/09/2015 00:00,""
03/09/2015 00:00,""
04/09/2015 00:00,""
05/09/2015 00:00,""
06/09/2015 00:00,""
07/09/2015 00:00,""
08/09/2015 00:00,""
09/09/2015 00:00,""
10/09/2015 00:00,""
11/09/2015 00:00,""
12/09/2015 00:00,""
13/09/2015 00:00,""
14/09/2015 00:00,""
15/09/2015 00:00,""
16/09/2015 00:00,""
17/09/2015 00:00,""
18/09/2015 00:00,""
19/09/2015 00:00,""
20/09/2015 00:00,""
21/09/2015 00:00,""
22/09/2015 00:00,""
23/09/2015 00:00,""
24/09/2015 00:00,""
25/09/2015 00:00,""
26/09/2015 00:00,""
27/09/2015 00:00,""
28/09/2015 00:00,""
29/09/2015 00:00,""
30/09/2015 00:00,""
01/10/2015 00:00,""
02/10/2015 00:00,""
03/10/2015 00:00,""
04/10/2015 00:00,""
05/10/2015 00:00,""
06/10/2015 00:00,""
07/10/2015 00:00,""
08/10/2015 00:00,""
09/10/2015 00:00,""
10/10/2015 00:00,""
11/10/2015 00:00,""
12/10/2015 00:00,""
13/10/2015 00:00,""
14/10/2015 00:00,""
15/10/2015 00:00,""
16/10/2015 00:00,""
17/10/2015 00:00,""
18/10/2015 00:00,""
19/10/2015 00:00,""
20/10/2015 00:00,""
21/10/2015 00:00,""
22/10/2015 00:00,""
23/10/2015 00:00,""
24/10/2015 00:00,""
25/10/2015 00:00,""
26/10/2015 00:00,""
27/10/2015 00:00,""
28/10/2015 00:00,""
29/10/2015 00:00,""
30/10/2015 00:00,""
31/10/2015 00:00,""
01/11/2015 00:00,""
02/11/2015 00:00,""
03/11/2015 00:00,""
04/11/2015 00:00,""
05/11/2015 00:00,""
06/11/2015 00:00,""
07/11/2015 00:00,""
08/11/2015 00:00,""
09/11/2015 00:00,""
10/11/2015 00:00,""
11/11/2015 00:00,""
12/11/2015 00:00,""
13/11/2015 00:00,""
14/11/2015 00:00,""
15/11/2015 00:00,""
16/11/2015 00:00,""
17/11/2015 00:00,""
18/11/2015 00:00,""
19/11/2015 00:00,""
20/11/2015 00:00,""
21/11/2015 00:00,""
22/11/2015 00:00,""
23/11/2015 00:00,""
24/11/2015 00:00,""
25/11/2015 00:00,""
26/11/2015 00:00,""
27/11/2015 00:00,""
28/11/2015 00:00,""
29/11/2015 00:00,""
30/11/2015 00:00,""
01/12/2015 00:00,""
02/12/2015 00:00,""
03/12/2015 00:00,""
04/12/2015 00:00,""
05/12/2015 00:00,""
06/12/2015 00:00,""
07/12/2015 00:00,""
08/12/2015 00:00,""
09/12/2015 00:00,""
10/12/2015 00:00,""
11/12/2015 00:00,""
12/12/2015 00:00,""
13/12/2015 00:00,""
14/12/2015 00:00,""
15/12/2015 00:00,""
16/12/2015 00:00,""
17/12/2015 00:00,""
18/12/2015 00:00,""
19/12/2015 00:00,""
20/12/2015 00:00,""
21/12/2015 00:00,""
22/12/2015 00:00,""
23/12/2015 00:00,""
24/12/2015 00:00,""
25/12/2015 00:00,""
26/12/2015 00:00,""
27/12/2015 00:00,""
28/12/2015 00:00,""
29/12/2015 00:00,""
30/12/2015 00:00,""
31/12/2015 00:00,""
01/01/2016 00:00,""
02/01/2016 00:00,""
03/01/2016 00:00,""
04/01/2016 00:00,""
05/01/2016 00:00,""
06/01/2016 00:00,""
07/01/2016 00:00,""
08/01/2016 00:00,""
09/01/2016 00:00,""
10/01/2016 00:00,""
11/01/2016 00:00,""
12/01/2016 00:00,""
13/01/2016 00:00,""
14/01/2016 00:00,""
15/01/2016 00:00,""
16/01/2016 00:00,""
17/01/2016 00:00,""
18/01/2016 00:00,""
19/01/2016 00:00,""
20/01/2016 00:00,""
21/01/2016 00:00,""
22/01/2016 00:00,""
23/01/2016 00:00,""
24/01/2016 00:00,""
25/01/2016 00:00,""
26/01/2016 00:00,""
27/01/2016 00:00,""
28/01/2016 00:00,""
29/01/2016 00:00,""
30/01/2016 00:00,""
31/01/2016 00:00,""
01/02/2016 00:00,""
02/02/2016 00:00,""
03/02/2016 00:00,""
04/02/2016 00:00,""
05/02/2016 00:00,""
06/02/2016 00:00,""
07/02/2016 00:00,""
08/02/2016 00:00,""
09/02/2016 00:00,""
10/02/2016 00:00,""
11/02/2016 00:00,""
12/02/2016 00:00,""
13/02/2016 00:00,""
14/02/2016 00:00,""
15/02/2016 00:00,""
16/02/2016 00:00,""
17/02/2016 00:00,""
18/02/2016 00:00,""
19/02/2016 00:00,""
20/02/2016 00:00,""
21/02/2016 00:00,""
22/02/2016 00:00,""
23/02/2016 00:00,""
24/02/2016 00:00,""
25/02/2016 00:00,""
26/02/2016 00:00,""
27/02/2016 00:00,""
28/02/2016 00:00,""
29/02/2016 00:00,""
01/03/2016 00:00,""
02/03/2016 00:00,""
03/03/2016 00:00,""
04/03/2016 00:00,""
05/03/2016 00:00,""
06/03/2016 00:00,""
07/03/2016 00:00,""
08/03/2016 00:00,""
09/03/2016 00:00,""
10/03/2016 00:00,""
11/03/2016 00:00,""
12/03/2016 00:00,""
13/03/2016 00:00,""
14/03/2016 00:00,""
15/03/2016 00:00,""
16/03/2016 00:00,""
17/03/2016 00:00,""
18/03/2016 00:00,""
19/03/2016 00:00,""
20/03/2016 00:00,""
21/03/2016 00:00,""
22/03/2016 00:00,""
23/03/2016 00:00,""
24/03/2016 00:00,""
25/03/2016 00:00,""
26/03/2016 00:00,""
27/03/2016 00:00,""
28/03/2016 00:00,""
29/03/2016 00:00,""
30/03/2016 00:00,""
31/03/2016 00:00,""
01/04/2016 00:00,""
02/04/2016 00:00,""
03/04/2016 00:00,""
04/04/2016 00:00,""
05/04/2016 00:00,""
06/04/2016 00:00,""
07/04/2016 00:00,""
08/04/2016 00:00,""
09/04/2016 00:00,""
10/04/2016 00:00,""
11/04/2016 00:00,""
12/04/2016 00:00,""
13/04/2016 00:00,""
14/04/2016 00:00,""
15/04/2016 00:00,""
16/04/2016 00:00,""
17/04/2016 00:00,""
18/04/2016 00:00,""
19/04/2016 00:00,""
20/04/2016 00:00,""
21/04/2016 00:00,""
22/04/2016 00:00,""
23/04/2016 00:00,""
24/04/2016 00:00,""
25/04/2016 00:00,""
26/04/2016 00:00,""
27/04/2016 00:00,""
28/04/2016 00:00,""
29/04/2016 00:00,""
30/04/2016 00:00,""
01/05/2016 00:00,""
02/05/2016 00:00,""
03/05/2016 00:00,""
04/05/2016 00:00,""
05/05/2016 00:00,""
06/05/2016 00:00,""
07/05/2016 00:00,""
08/05/2016 00:00,""
09/05/2016 00:00,""
10/05/2016 00:00,""
11/05/2016 00:00,""
12/05/2016 00:00,""
13/05/2016 00:00,""
14/05/2016 00:00,""
15/05/2016 00:00,""
16/05/2016 00:00,""
17/05/2016 00:00,""
18/05/2016 00:00,""
19/05/2016 00:00,""
20/05/2016 00:00,""
21/05/2016 00:00,""
22/05/2016 00:00,""
23/05/2016 00:00,""
24/05/2016 00:00,""
25/05/2016 00:00,""
26/05/2016 00:00,""
27/05/2016 00:00,""
28/05/2016 00:00,""
29/05/2016 00:00,""
30/05/2016 00:00,""
31/05/2016 00:00,""
01/06/2016 00:00,""
02/06/2016 00:00,""
03/06/2016 00:00,""
04/06/2016 00:00,""
05/06/2016 00:00,""
06/06/2016 00:00,""
07/06/2016 00:00,""
08/06/2016 00:00,""
09/06/2016 00:00,""
10/06/2016 00:00,""
11/06/2016 00:00,""
12/06/2016 00:00,""
13/06/2016 00:00,""
14/06/2016 00:00,""
15/06/2016 00:00,""
16/06/2016 00:00,""
17/06/2016 00:00,""
18/06/2016 00:00,""
19/06/2016 00:00,""
20/06/2016 00:00,""
21/06/2016 00:00,""
22/06/2016 00:00,""
23/06/2016 00:00,""
24/06/2016 00:00,""
25/06/2016 00:00,""
26/06/2016 00:00,""
27/06/2016 00:00,""
28/06/2016 00:00,""
29/06/2016 00:00,""
30/06/2016 00:00,""
01/07/2016 00:00,""
02/07/2016 00:00,""
03/07/2016 00:00,""
04/07/2016 00:00,""
05/07/2016 00:00,""
06/07/2016 00:00,""
07/07/2016 00:00,""
08/07/2016 00:00,""
09/07/2016 00:00,""
10/07/2016 00:00,""
11/07/2016 00:00,""
12/07/2016 00:00,""
13/07/2016 00:00,""
14/07/2016 00:00,""
15/07/2016 00:00,""
16/07/2016 00:00,""
17/07/2016 00:00,""
18/07/2016 00:00,""
19/07/2016 00:00,""
20/07/2016 00:00,""
21/07/2016 00:00,""
22/07/2016 00:00,""
23/07/2016 00:00,""
24/07/2016 00:00,""
25/07/2016 00:00,""
26/07/2016 00:00,""
27/07/2016 00:00,""
28/07/2016 00:00,""
29/07/2016 00:00,""
30/07/2016 00:00,""
31/07/2016 00:00,""
01/08/2016 00:00,""
02/08/2016 00:00,""
03/08/2016 00:00,""
04/08/2016 00:00,""
05/08/2016 00:00,""
06/08/2016 00:00,""
07/08/2016 00:00,""
08/08/2016 00:00,""
09/08/2016 00:00,""
10/08/2016 00:00,""
11/08/2016 00:00,""
12/08/2016 00:00,""
13/08/2016 00:00,""
14/08/2016 00:00,""
15/08/2016 00:00,""
16/08/2016 00:00,""
17/08/2016 00:00,""
18/08/2016 00:00,""
19/08/2016 00:00,""
20/08/2016 00:00,""
21/08/2016 00:00,""
22/08/2016 00:00,""
23/08/2016 00:00,""
24/08/2016 00:00,""
25/08/2016 00:00,""
26/08/2016 00:00,""
27/08/2016 00:00,""
28/08/2016 00:00,""
29/08/2016 00:00,""
30/08/2016 00:00,""
31/08/2016 00:00,""
01/09/2016 00:00,""
02/09/2016 00:00,""
03/09/2016 00:00,""
04/09/2016 00:00,""
05/09/2016 00:00,""
06/09/2016 00:00,""
07/09/2016 00:00,""
08/09/2016 00:00,""
09/09/2016 00:00,""
10/09/2016 00:00,""
11/09/2016 00:00,""
12/09/2016 00:00,""
13/09/2016 00:00,""
14/09/2016 00:00,""
15/09/2016 00:00,""
16/09/2016 00:00,""
17/09/2016 00:00,""
18/09/2016 00:00,""
19/09/2016 00:00,""
20/09/2016 00:00,""
21/09/2016 00:00,""
22/09/2016 00:00,""
23/09/2016 00:00,""
24/09/2016 00:00,""
25/09/2016 00:00,""
26/09/2016 00:00,""
27/09/2016 00:00,""
28/09/2016 00:00,""
29/09/2016 00:00,""
30/09/2016 00:00,""
01/10/2016 00:00,""
02/10/2016 00:00,""
03/10/2016 00:00,""
04/10/2016 00:00,""
05/10/2016 00:00,""
06/10/2016 00:00,""
07/10/2016 00:00,""
08/10/2016 00:00,""
09/10/2016 00:00,""
10/10/2016 00:00,""
11/10/2016 00:00,""
12/10/2016 00:00,""
13/10/2016 00:00,""
14/10/2016 00:00,""
15/10/2016 00:00,""
16/10/2016 00:00,""
17/10/2016 00:00,""
18/10/2016 00:00,""
19/10/2016 00:00,""
20/10/2016 00:00,""
21/10/2016 00:00,""
22/10/2016 00:00,""
23/10/2016 00:00,""
24/10/2016 00:00,""
25/10/2016 00:00,""
26/10/2016 00:00,""
27/10/2016 00:00,""
28/10/2016 00:00,""
29/10/2016 00:00,""
30/10/2016 00:00,""
31/10/2016 00:00,""
01/11/2016 00:00,""
02/11/2016 00:00,""
03/11/2016 00:00,""
04/11/2016 00:00,""
05/11/2016 00:00,""
06/11/2016 00:00,""
07/11/2016 00:00,""
08/11/2016 00:00,""
09/11/2016 00:00,""
10/11/2016 00:00,""
11/11/2016 00:00,""
12/11/2016 00:00,""
13/11/2016 00:00,""
14/11/2016 00:00,""
15/11/2016 00:00,""
16/11/2016 00:00,""
17/11/2016 00:00,""
18/11/2016 00:00,""
19/11/2016 00:00,""
20/11/2016 00:00,""
21/11/2016 00:00,""
22/11/2016 00:00,""
23/11/2016 00:00,""
24/11/2016 00:00,""
25/11/2016 00:00,""
26/11/2016 00:00,""
27/11/2016 00:00,""
28/11/2016 00:00,""
29/11/2016 00:00,""
30/11/2016 00:00,""
01/12/2016 00:00,""
02/12/2016 00:00,""
03/12/2016 00:00,""
04/12/2016 00:00,""
05/12/2016 00:00,""
06/12/2016 00:00,""
07/12/2016 00:00,""
08/12/2016 00:00,""
09/12/2016 00:00,""
10/12/2016 00:00,""
11/12/2016 00:00,""
12/12/2016 00:00,""
13/12/2016 00:00,""
14/12/2016 00:00,""
15/12/2016 00:00,""
16/12/2016 00:00,""
17/12/2016 00:00,""
18/12/2016 00:00,""
19/12/2016 00:00,""
20/12/2016 00:00,""
21/12/2016 00:00,""
22/12/2016 00:00,""
23/12/2016 00:00,""
24/12/2016 00:00,""
25/12/2016 00:00,""
26/12/2016 00:00,""
27/12/2016 00:00,""
28/12/2016 00:00,""
29/12/2016 00:00,""
30/12/2016 00:00,""
31/12/2016 00:00,""
01/01/2017 00:00,""
02/01/2017 00:00,""
03/01/2017 00:00,""
04/01/2017 00:00,""
05/01/2017 00:00,""
06/01/2017 00:00,""
07/01/2017 00:00,""
08/01/2017 00:00,""
09/01/2017 00:00,""
10/01/2017 00:00,""
11/01/2017 00:00,""
12/01/2017 00:00,""
13/01/2017 00:00,""
14/01/2017 00:00,""
15/01/2017 00:00,""
16/01/2017 00:00,""
17/01/2017 00:00,""
18/01/2017 00:00,""
19/01/2017 00:00,""
20/01/2017 00:00,""
21/01/2017 00:00,""
22/01/2017 00:00,""
23/01/2017 00:00,""
24/01/2017 00:00,""
25/01/2017 00:00,""
26/01/2017 00:00,""
27/01/2017 00:00,""
28/01/2017 00:00,""
29/01/2017 00:00,""
30/01/2017 00:00,""
31/01/2017 00:00,""
01/02/2017 00:00,""
02/02/2017 00:00,""
03/02/2017 00:00,""
04/02/2017 00:00,""
05/02/2017 00:00,""
06/02/2017 00:00,""
07/02/2017 00:00,""
08/02/2017 00:00,""
09/02/2017 00:00,""
10/02/2017 00:00,""
11/02/2017 00:00,""
12/02/2017 00:00,""
13/02/2017 00:00,""
14/02/2017 00:00,""
15/02/2017 00:00,""
16/02/2017 00:00,""
17/02/2017 00:00,""
18/02/2017 00:00,""
19/02/2017 00:00,""
20/02/2017 00:00,""
21/02/2017 00:00,""
22/02/2017 00:00,""
23/02/2017 00:00,""
24/02/2017 00:00,""
25/02/2017 00:00,""
26/02/2017 00:00,""
27/02/2017 00:00,""
28/02/2017 00:00,""
01/03/2017 00:00,""
02/03/2017 00:00,""
03/03/2017 00:00,""
04/03/2017 00:00,""
05/03/2017 00:00,""
06/03/2017 00:00,""
07/03/2017 00:00,""
08/03/2017 00:00,""
09/03/2017 00:00,""
10/03/2017 00:00,""
11/03/2017 00:00,""
12/03/2017 00:00,""
13/03/2017 00:00,""
14/03/2017 00:00,""
15/03/2017 00:00,""
16/03/2017 00:00,""
17/03/2017 00:00,""
18/03/2017 00:00,""
19/03/2017 00:00,""
20/03/2017 00:00,""
21/03/2017 00:00,""
22/03/2017 00:00,""
23/03/2017 00:00,""
24/03/2017 00:00,""
25/03/2017 00:00,""
26/03/2017 00:00,""
27/03/2017 00:00,""
28/03/2017 00:00,""
29/03/2017 00:00,""
30/03/2017 00:00,""
31/03/2017 00:00,""
01/04/2017 00:00,""
02/04/2017 00:00,""
03/04/2017 00:00,""
04/04/2017 00:00,""
05/04/2017 00:00,""
06/04/2017 00:00,""
07/04/2017 00:00,""
08/04/2017 00:00,""
09/04/2017 00:00,""
10/04/2017 00:00,""
11/04/2017 00:00,""
12/04/2017 00:00,""
13/04/2017 00:00,""
14/04/2017 00:00,""
15/04/2017 00:00,""
16/04/2017 00:00,""
17/04/2017 00:00,""
18/04/2017 00:00,""
19/04/2017 00:00,""
20/04/2017 00:00,""
21/04/2017 00:00,""
22/04/2017 00:00,""
23/04/2017 00:00,""
24/04/2017 00:00,""
25/04/2017 00:00,""
26/04/2017 00:00,""
27/04/2017 00:00,""
28/04/2017 00:00,""
29/04/2017 00:00,""
30/04/2017 00:00,""
01/05/2017 00:00,""
02/05/2017 00:00,""
03/05/2017 00:00,""
04/05/2017 00:00,""
05/05/2017 00:00,""
06/05/2017 00:00,""
07/05/2017 00:00,""
08/05/2017 00:00,""
09/05/2017 00:00,""
10/05/2017 00:00,""
11/05/2017 00:00,""
12/05/2017 00:00,""
13/05/2017 00:00,""
14/05/2017 00:00,""
15/05/2017 00:00,""
16/05/2017 00:00,""
17/05/2017 00:00,""
18/05/2017 00:00,""
19/05/2017 00:00,""
20/05/2017 00:00,""
21/05/2017 00:00,""
22/05/2017 00:00,""
23/05/2017 00:00,""
24/05/2017 00:00,""
25/05/2017 00:00,""
26/05/2017 00:00,""
27/05/2017 00:00,""
28/05/2017 00:00,""
29/05/2017 00:00,""
30/05/2017 00:00,""
31/05/2017 00:00,""
01/06/2017 00:00,""
02/06/2017 00:00,""
03/06/2017 00:00,""
04/06/2017 00:00,""
05/06/2017 00:00,""
06/06/2017 00:00,""
07/06/2017 00:00,""
08/06/2017 00:00,""
09/06/2017 00:00,""
10/06/2017 00:00,""
11/06/2017 00:00,""
12/06/2017 00:00,""
13/06/2017 00:00,""
14/06/2017 00:00,""
15/06/2017 00:00,""
16/06/2017 00:00,""
17/06/2017 00:00,""
18/06/2017 00:00,""
19/06/2017 00:00,""
20/06/2017 00:00,""
21/06/2017 00:00,""
22/06/2017 00:00,""
23/06/2017 00:00,""
24/06/2017 00:00,""
25/06/2017 00:00,""
26/06/2017 00:00,""
27/06/2017 00:00,""
28/06/2017 00:00,""
29/06/2017 00:00,""
30/06/2017 00:00,""
01/07/2017 00:00,""
02/07/2017 00:00,""
03/07/2017 00:00,""
04/07/2017 00:00,""
05/07/2017 00:00,""
06/07/2017 00:00,""
07/07/2017 00:00,""
08/07/2017 00:00,""
09/07/2017 00:00,""
10/07/2017 00:00,""
11/07/2017 00:00,""
12/07/2017 00:00,""
13/07/2017 00:00,""
14/07/2017 00:00,""
15/07/2017 00:00,""
16/07/2017 00:00,""
17/07/2017 00:00,""
18/07/2017 00:00,""
19/07/2017 00:00,""
20/07/2017 00:00,""
21/07/2017 00:00,""
22/07/2017 00:00,""
23/07/2017 00:00,""
24/07/2017 00:00,""
25/07/2017 00:00,""
26/07/2017 00:00,""
27/07/2017 00:00,""
28/07/2017 00:00,""
29/07/2017 00:00,""
30/07/2017 00:00,""
31/07/2017 00:00,""
01/08/2017 00:00,""
02/08/2017 00:00,""
03/08/2017 00:00,""
04/08/2017 00:00,""
05/08/2017 00:00,""
06/08/2017 00:00,""
07/08/2017 00:00,""
08/08/2017 00:00,""
09/08/2017 00:00,""
10/08/2017 00:00,""
11/08/2017 00:00,""
12/08/2017 00:00,""
13/08/2017 00:00,""
14/08/2017 00:00,""
15/08/2017 00:00,""
16/08/2017 00:00,""
17/08/2017 00:00,""
18/08/2017 00:00,""
19/08/2017 00:00,""
20/08/2017 00:00,""
21/08/2017 00:00,""
22/08/2017 00:00,""
23/08/2017 00:00,""
24/08/2017 00:00,""
25/08/2017 00:00,""
26/08/2017 00:00,""
27/08/2017 00:00,""
28/08/2017 00:00,""
29/08/2017 00:00,""
30/08/2017 00:00,""
31/08/2017 00:00,""
01/09/2017 00:00,""
02/09/2017 00:00,""
03/09/2017 00:00,""
04/09/2017 00:00,""
05/09/2017 00:00,""
06/09/2017 00:00,""
07/09/2017 00:00,""
08/09/2017 00:00,""
09/09/2017 00:00,""
10/09/2017 00:00,""
11/09/2017 00:00,""
12/09/2017 00:00,""
13/09/2017 00:00,""
14/09/2017 00:00,""
15/09/2017 00:00,""
16/09/2017 00:00,""
17/09/2017 00:00,""
18/09/2017 00:00,""
19/09/2017 00:00,""
20/09/2017 00:00,""
21/09/2017 00:00,""
22/09/2017 00:00,""
23/09/2017 00:00,""
24/09/2017 00:00,""
25/09/2017 00:00,""
26/09/2017 00:00,""
27/09/2017 00:00,""
28/09/2017 00:00,""
29/09/2017 00:00,""
30/09/2017 00:00,""
01/10/2017 00:00,""
02/10/2017 00:00,""
03/10/2017 00:00,""
04/10/2017 00:00,""
05/10/2017 00:00,""
06/10/2017 00:00,""
07/10/2017 00:00,""
08/10/2017 00:00,""
09/10/2017 00:00,""
10/10/2017 00:00,""
11/10/2017 00:00,""
12/10/2017 00:00,""
13/10/2017 00:00,""
14/10/2017 00:00,""
15/10/2017 00:00,""
16/10/2017 00:00,""
17/10/2017 00:00,""
18/10/2017 00:00,""
19/10/2017 00:00,""
20/10/2017 00:00,""
21/10/2017 00:00,""
22/10/2017 00:00,""
23/10/2017 00:00,""
24/10/2017 00:00,""
25/10/2017 00:00,""
26/10/2017 00:00,""
27/10/2017 00:00,""
28/10/2017 00:00,""
29/10/2017 00:00,""
30/10/2017 00:00,""
31/10/2017 00:00,""
01/11/2017 00:00,""
02/11/2017 00:00,""
03/11/2017 00:00,""
04/11/2017 00:00,""
05/11/2017 00:00,""
06/11/2017 00:00,""
07/11/2017 00:00,""
08/11/2017 00:00,""
09/11/2017 00:00,""
10/11/2017 00:00,""
11/11/2017 00:00,""
12/11/2017 00:00,""
13/11/2017 00:00,""
14/11/2017 00:00,""
15/11/2017 00:00,""
16/11/2017 00:00,""
17/11/2017 00:00,""
18/11/2017 00:00,""
19/11/2017 00:00,""
20/11/2017 00:00,""
21/11/2017 00:00,""
22/11/2017 00:00,""
23/11/2017 00:00,""
24/11/2017 00:00,""
25/11/2017 00:00,""
26/11/2017 00:00,""
27/11/2017 00:00,""
28/11/2017 00:00,""
29/11/2017 00:00,""
30/11/2017 00:00,""
01/12/2017 00:00,""
02/12/2017 00:00,""
03/12/2017 00:00,""
04/12/2017 00:00,""
05/12/2017 00:00,""
06/12/2017 00:00,""
07/12/2017 00:00,""
08/12/2017 00:00,""
09/12/2017 00:00,""
10/12/2017 00:00,""
11/12/2017 00:00,""
12/12/2017 00:00,""
13/12/2017 00:00,""
14/12/2017 00:00,""
15/12/2017 00:00,""
16/12/2017 00:00,""
17/12/2017 00:00,""
18/12/2017 00:00,""
19/12/2017 00:00,""
20/12/2017 00:00,""
21/12/2017 00:00,""
22/12/2017 00:00,""
23/12/2017 00:00,""
24/12/2017 00:00,""
25/12/2017 00:00,""
26/12/2017 00:00,""
27/12/2017 00:00,""
28/12/2017 00:00,""
29/12/2017 00:00,""
30/12/2017 00:00,""
31/12/2017 00:00,""
01/01/2018 00:00,""
02/01/2018 00:00,""
03/01/2018 00:00,""
04/01/2018 00:00,""
05/01/2018 00:00,""
06/01/2018 00:00,""
07/01/2018 00:00,""
08/01/2018 00:00,""
09/01/2018 00:00,""
10/01/2018 00:00,""
11/01/2018 00:00,""
12/01/2018 00:00,""
13/01/2018 00:00,""
14/01/2018 00:00,""
15/01/2018 00:00,""
16/01/2018 00:00,""
17/01/2018 00:00,""
18/01/2018 00:00,""
19/01/2018 00:00,""
20/01/2018 00:00,""
21/01/2018 00:00,""
22/01/2018 00:00,""
23/01/2018 00:00,""
24/01/2018 00:00,""
25/01/2018 00:00,""
26/01/2018 00:00,""
27/01/2018 00:00,""
28/01/2018 00:00,""
29/01/2018 00:00,""
30/01/2018 00:00,""
31/01/2018 00:00,""
01/02/2018 00:00,""
02/02/2018 00:00,""
03/02/2018 00:00,""
04/02/2018 00:00,""
05/02/2018 00:00,""
06/02/2018 00:00,""
07/02/2018 00:00,""
08/02/2018 00:00,""
09/02/2018 00:00,""
10/02/2018 00:00,""
11/02/2018 00:00,""
12/02/2018 00:00,""
13/02/2018 00:00,""
14/02/2018 00:00,""
15/02/2018 00:00,""
16/02/2018 00:00,""
17/02/2018 00:00,""
18/02/2018 00:00,""
19/02/2018 00:00,""
20/02/2018 00:00,""
21/02/2018 00:00,""
22/02/2018 00:00,""
23/02/2018 00:00,""
24/02/2018 00:00,""
25/02/2018 00:00,""
26/02/2018 00:00,""
27/02/2018 00:00,""
28/02/2018 00:00,""
01/03/2018 00:00,""
02/03/2018 00:00,""
03/03/2018 00:00,""
04/03/2018 00:00,""
05/03/2018 00:00,""
06/03/2018 00:00,""
07/03/2018 00:00,""
08/03/2018 00:00,""
09/03/2018 00:00,""
10/03/2018 00:00,""
11/03/2018 00:00,""
12/03/2018 00:00,""
13/03/2018 00:00,""
14/03/2018 00:00,""
15/03/2018 00:00,""
16/03/2018 00:00,""
17/03/2018 00:00,""
18/03/2018 00:00,""
19/03/2018 00:00,""
20/03/2018 00:00,""
21/03/2018 00:00,""
22/03/2018 00:00,""
23/03/2018 00:00,""
24/03/2018 00:00,""
25/03/2018 00:00,""
26/03/2018 00:00,""
27/03/2018 00:00,""
28/03/2018 00:00,""
29/03/2018 00:00,""
30/03/2018 00:00,""
31/03/2018 00:00,""
01/04/2018 00:00,""
02/04/2018 00:00,""
03/04/2018 00:00,""
04/04/2018 00:00,""
05/04/2018 00:00,""
06/04/2018 00:00,""
07/04/2018 00:00,""
08/04/2018 00:00,""
09/04/2018 00:00,""
10/04/2018 00:00,""
11/04/2018 00:00,""
12/04/2018 00:00,""
13/04/2018 00:00,""
14/04/2018 00:00,""
15/04/2018 00:00,""
16/04/2018 00:00,""
17/04/2018 00:00,""
18/04/2018 00:00,""
19/04/2018 00:00,""
20/04/2018 00:00,""
21/04/2018 00:00,""
22/04/2018 00:00,""
23/04/2018 00:00,""
24/04/2018 00:00,""
25/04/2018 00:00,""
26/04/2018 00:00,""
27/04/2018 00:00,""
28/04/2018 00:00,""
29/04/2018 00:00,""
30/04/2018 00:00,""
01/05/2018 00:00,""
02/05/2018 00:00,""
03/05/2018 00:00,""
04/05/2018 00:00,""
05/05/2018 00:00,""
06/05/2018 00:00,""
07/05/2018 00:00,""
08/05/2018 00:00,""
09/05/2018 00:00,""
10/05/2018 00:00,""
11/05/2018 00:00,""
12/05/2018 00:00,""
13/05/2018 00:00,""
14/05/2018 00:00,""
15/05/2018 00:00,""
16/05/2018 00:00,""
17/05/2018 00:00,""
18/05/2018 00:00,""
19/05/2018 00:00,""
20/05/2018 00:00,""
21/05/2018 00:00,""
22/05/2018 00:00,""
23/05/2018 00:00,""
24/05/2018 00:00,""
25/05/2018 00:00,""
26/05/2018 00:00,""
27/05/2018 00:00,""
28/05/2018 00:00,""
29/05/2018 00:00,""
30/05/2018 00:00,""
31/05/2018 00:00,""
01/06/2018 00:00,""
02/06/2018 00:00,""
03/06/2018 00:00,""
04/06/2018 00:00,""
05/06/2018 00:00,""
06/06/2018 00:00,""
07/06/2018 00:00,""
08/06/2018 00:00,""
09/06/2018 00:00,""
10/06/2018 00:00,""
11/06/2018 00:00,""
12/06/2018 00:00,""
13/06/2018 00:00,""
14/06/2018 00:00,""
15/06/2018 00:00,""
16/06/2018 00:00,""
17/06/2018 00:00,""
18/06/2018 00:00,""
19/06/2018 00:00,""
20/06/2018 00:00,""
21/06/2018 00:00,""
22/06/2018 00:00,""
23/06/2018 00:00,""
24/06/2018 00:00,""
25/06/2018 00:00,""
26/06/2018 00:00,""
27/06/2018 00:00,""
28/06/2018 00:00,""
29/06/2018 00:00,""
30/06/2018 00:00,""
01/07/2018 00:00,""
02/07/2018 00:00,""
03/07/2018 00:00,""
04/07/2018 00:00,""
05/07/2018 00:00,""
06/07/2018 00:00,""
07/07/2018 00:00,""
08/07/2018 00:00,""
09/07/2018 00:00,""
10/07/2018 00:00,""
11/07/2018 00:00,""
12/07/2018 00:00,""
13/07/2018 00:00,""
14/07/2018 00:00,""
15/07/2018 00:00,""
16/07/2018 00:00,""
17/07/2018 00:00,""
18/07/2018 00:00,""
19/07/2018 00:00,""
20/07/2018 00:00,""
21/07/2018 00:00,""
22/07/2018 00:00,""
23/07/2018 00:00,""
24/07/2018 00:00,""
25/07/2018 00:00,""
26/07/2018 00:00,""
27/07/2018 00:00,""
28/07/2018 00:00,""
29/07/2018 00:00,""
30/07/2018 00:00,""
31/07/2018 00:00,""
01/08/2018 00:00,""
02/08/2018 00:00,""
03/08/2018 00:00,""
04/08/2018 00:00,""
05/08/2018 00:00,""
06/08/2018 00:00,""
07/08/2018 00:00,""
08/08/2018 00:00,""
09/08/2018 00:00,""
10/08/2018 00:00,""
11/08/2018 00:00,""
12/08/2018 00:00,""
13/08/2018 00:00,""
14/08/2018 00:00,""
15/08/2018 00:00,""
16/08/2018 00:00,""
17/08/2018 00:00,""
18/08/2018 00:00,""
19/08/2018 00:00,""
20/08/2018 00:00,""
21/08/2018 00:00,""
22/08/2018 00:00,""
23/08/2018 00:00,""
24/08/2018 00:00,""
25/08/2018 00:00,""
26/08/2018 00:00,""
27/08/2018 00:00,""
28/08/2018 00:00,""
29/08/2018 00:00,""
30/08/2018 00:00,""
31/08/2018 00:00,""
01/09/2018 00:00,""
02/09/2018 00:00,""
03/09/2018 00:00,""
04/09/2018 00:00,""
05/09/2018 00:00,""
06/09/2018 00:00,""
07/09/2018 00:00,""
08/09/2018 00:00,""
09/09/2018 00:00,""
10/09/2018 00:00,""
11/09/2018 00:00,""
12/09/2018 00:00,""
13/09/2018 00:00,""
14/09/2018 00:00,""
15/09/2018 00:00,""
16/09/2018 00:00,""
17/09/2018 00:00,""
18/09/2018 00:00,""
19/09/2018 00:00,""
20/09/2018 00:00,""
21/09/2018 00:00,""
22/09/2018 00:00,""
23/09/2018 00:00,""
24/09/2018 00:00,""
25/09/2018 00:00,""
26/09/2018 00:00,""
27/09/2018 00:00,""
28/09/2018 00:00,""
29/09/2018 00:00,""
30/09/2018 00:00,""
01/10/2018 00:00,""
02/10/2018 00:00,""
03/10/2018 00:00,""
04/10/2018 00:00,""
05/10/2018 00:00,""
06/10/2018 00:00,""
07/10/2018 00:00,""
08/10/2018 00:00,""
09/10/2018 00:00,""
10/10/2018 00:00,""
11/10/2018 00:00,""
12/10/2018 00:00,""
13/10/2018 00:00,""
14/10/2018 00:00,""
15/10/2018 00:00,""
16/10/2018 00:00,""
17/10/2018 00:00,""
18/10/2018 00:00,""
19/10/2018 00:00,""
20/10/2018 00:00,""
21/10/2018 00:00,""
22/10/2018 00:00,""
23/10/2018 00:00,""
24/10/2018 00:00,""
25/10/2018 00:00,""
26/10/2018 00:00,""
27/10/2018 00:00,""
28/10/2018 00:00,""
29/10/2018 00:00,""
30/10/2018 00:00,""
31/10/2018 00:00,""
01/11/2018 00:00,""
02/11/2018 00:00,""
03/11/2018 00:00,""
04/11/2018 00:00,""
05/11/2018 00:00,""
06/11/2018 00:00,""
07/11/2018 00:00,""
08/11/2018 00:00,""
09/11/2018 00:00,""
10/11/2018 00:00,""
11/11/2018 00:00,""
12/11/2018 00:00,""
13/11/2018 00:00,""
14/11/2018 00:00,""
15/11/2018 00:00,""
16/11/2018 00:00,""
17/11/2018 00:00,""
18/11/2018 00:00,""
19/11/2018 00:00,""
20/11/2018 00:00,""
21/11/2018 00:00,""
22/11/2018 00:00,""
23/11/2018 00:00,""
24/11/2018 00:00,""
25/11/2018 00:00,""
26/11/2018 00:00,""
27/11/2018 00:00,""
28/11/2018 00:00,""
29/11/2018 00:00,""
30/11/2018 00:00,""
01/12/2018 00:00,""
02/12/2018 00:00,""
03/12/2018 00:00,""
04/12/2018 00:00,""
05/12/2018 00:00,""
06/12/2018 00:00,""
07/12/2018 00:00,""
08/12/2018 00:00,""
09/12/2018 00:00,""
10/12/2018 00:00,""
11/12/2018 00:00,""
12/12/2018 00:00,""
13/12/2018 00:00,""
14/12/2018 00:00,""
15/12/2018 00:00,""
16/12/2018 00:00,""
17/12/2018 00:00,""
18/12/2018 00:00,""
19/12/2018 00:00,""
20/12/2018 00:00,""
21/12/2018 00:00,""
22/12/2018 00:00,""
23/12/2018 00:00,""
24/12/2018 00:00,""
25/12/2018 00:00,""
26/12/2018 00:00,""
27/12/2018 00:00,""
28/12/2018 00:00,""
29/12/2018 00:00,""
30/12/2018 00:00,""
31/12/2018 00:00,""
01/01/2019 00:00,""
02/01/2019 00:00,""
03/01/2019 00:00,""
04/01/2019 00:00,""
05/01/2019 00:00,""
06/01/2019 00:00,""
07/01/2019 00:00,""
08/01/2019 00:00,""
09/01/2019 00:00,""
10/01/2019 00:00,""
11/01/2019 00:00,""
12/01/2019 00:00,""
13/01/2019 00:00,""
14/01/2019 00:00,""
15/01/2019 00:00,""
16/01/2019 00:00,""
17/01/2019 00:00,""
18/01/2019 00:00,""
19/01/2019 00:00,""
20/01/2019 00:00,""
21/01/2019 00:00,""
22/01/2019 00:00,""
23/01/2019 00:00,""
24/01/2019 00:00,""
25/01/2019 00:00,""
26/01/2019 00:00,""
27/01/2019 00:00,""
28/01/2019 00:00,""
29/01/2019 00:00,""
30/01/2019 00:00,""
31/01/2019 00:00,""
01/02/2019 00:00,""
02/02/2019 00:00,""
03/02/2019 00:00,""
04/02/2019 00:00,""
05/02/2019 00:00,""
06/02/2019 00:00,""
07/02/2019 00:00,""
08/02/2019 00:00,""
09/02/2019 00:00,""
10/02/2019 00:00,""
11/02/2019 00:00,""
12/02/2019 00:00,""
13/02/2019 00:00,""
14/02/2019 00:00,""
15/02/2019 00:00,""
16/02/2019 00:00,""
17/02/2019 00:00,""
18/02/2019 00:00,""
19/02/2019 00:00,""
20/02/2019 00:00,""
21/02/2019 00:00,""
22/02/2019 00:00,""
23/02/2019 00:00,""
24/02/2019 00:00,""
25/02/2019 00:00,""
26/02/2019 00:00,""
27/02/2019 00:00,""
28/02/2019 00:00,""
01/03/2019 00:00,""
02/03/2019 00:00,""
03/03/2019 00:00,""
04/03/2019 00:00,""
05/03/2019 00:00,""
06/03/2019 00:00,""
07/03/2019 00:00,""
08/03/2019 00:00,""
09/03/2019 00:00,""
10/03/2019 00:00,""
11/03/2019 00:00,""
12/03/2019 00:00,""
13/03/2019 00:00,""
14/03/2019 00:00,""
15/03/2019 00:00,""
16/03/2019 00:00,""
17/03/2019 00:00,""
18/03/2019 00:00,""
19/03/2019 00:00,""
20/03/2019 00:00,""
21/03/2019 00:00,""
22/03/2019 00:00,""
23/03/2019 00:00,""
24/03/2019 00:00,""
25/03/2019 00:00,""
26/03/2019 00:00,""
27/03/2019 00:00,""
28/03/2019 00:00,""
29/03/2019 00:00,""
30/03/2019 00:00,""
31/03/2019 00:00,""
01/04/2019 00:00,""
02/04/2019 00:00,""
03/04/2019 00:00,""
04/04/2019 00:00,""
05/04/2019 00:00,""
06/04/2019 00:00,""
07/04/2019 00:00,""
08/04/2019 00:00,""
09/04/2019 00:00,""
10/04/2019 00:00,""
11/04/2019 00:00,""
12/04/2019 00:00,""
13/04/2019 00:00,""
14/04/2019 00:00,""
15/04/2019 00:00,""
16/04/2019 00:00,""
17/04/2019 00:00,""
18/04/2019 00:00,""
19/04/2019 00:00,""
20/04/2019 00:00,""
21/04/2019 00:00,""
22/04/2019 00:00,""
23/04/2019 00:00,""
24/04/2019 00:00,""
25/04/2019 00:00,""
26/04/2019 00:00,""
27/04/2019 00:00,""
28/04/2019 00:00,""
29/04/2019 00:00,""
30/04/2019 00:00,""
01/05/2019 00:00,""
02/05/2019 00:00,""
03/05/2019 00:00,""
04/05/2019 00:00,""
05/05/2019 00:00,""
06/05/2019 00:00,""
07/05/2019 00:00,""
08/05/2019 00:00,""
09/05/2019 00:00,""
10/05/2019 00:00,""
11/05/2019 00:00,""
12/05/2019 00:00,""
13/05/2019 00:00,""
14/05/2019 00:00,""
15/05/2019 00:00,""
16/05/2019 00:00,""
17/05/2019 00:00,""
18/05/2019 00:00,""
19/05/2019 00:00,""
20/05/2019 00:00,""
21/05/2019 00:00,""
22/05/2019 00:00,""
23/05/2019 00:00,""
24/05/2019 00:00,""
25/05/2019 00:00,""
26/05/2019 00:00,""
27/05/2019 00:00,""
28/05/2019 00:00,""
29/05/2019 00:00,""
30/05/2019 00:00,""
31/05/2019 00:00,""
01/06/2019 00:00,""
02/06/2019 00:00,""
03/06/2019 00:00,""
04/06/2019 00:00,""
05/06/2019 00:00,""
06/06/2019 00:00,""
07/06/2019 00:00,""
08/06/2019 00:00,""
09/06/2019 00:00,""
10/06/2019 00:00,""
11/06/2019 00:00,""
12/06/2019 00:00,""
13/06/2019 00:00,""
14/06/2019 00:00,""
15/06/2019 00:00,""
16/06/2019 00:00,""
17/06/2019 00:00,""
18/06/2019 00:00,""
19/06/2019 00:00,""
20/06/2019 00:00,""
21/06/2019 00:00,""
22/06/2019 00:00,""
23/06/2019 00:00,""
24/06/2019 00:00,""
25/06/2019 00:00,""
26/06/2019 00:00,""
27/06/2019 00:00,""
28/06/2019 00:00,""
29/06/2019 00:00,""
30/06/2019 00:00,""
01/07/2019 00:00,""
02/07/2019 00:00,""
03/07/2019 00:00,""
04/07/2019 00:00,""
05/07/2019 00:00,""
06/07/2019 00:00,""
07/07/2019 00:00,""
08/07/2019 00:00,""
09/07/2019 00:00,""
10/07/2019 00:00,""
11/07/2019 00:00,""
12/07/2019 00:00,""
13/07/2019 00:00,""
14/07/2019 00:00,""
15/07/2019 00:00,""
16/07/2019 00:00,""
17/07/2019 00:00,""
18/07/2019 00:00,""
19/07/2019 00:00,""
20/07/2019 00:00,""
21/07/2019 00:00,""
22/07/2019 00:00,""
23/07/2019 00:00,""
24/07/2019 00:00,""
25/07/2019 00:00,""
26/07/2019 00:00,""
27/07/2019 00:00,""
28/07/2019 00:00,""
29/07/2019 00:00,""
30/07/2019 00:00,""
31/07/2019 00:00,""
01/08/2019 00:00,""
02/08/2019 00:00,""
03/08/2019 00:00,""
04/08/2019 00:00,""
05/08/2019 00:00,""
06/08/2019 00:00,""
07/08/2019 00:00,""
08/08/2019 00:00,""
09/08/2019 00:00,""
10/08/2019 00:00,""
11/08/2019 00:00,""
12/08/2019 00:00,""
13/08/2019 00:00,""
14/08/2019 00:00,""
15/08/2019 00:00,""
16/08/2019 00:00,""
17/08/2019 00:00,""
18/08/2019 00:00,""
19/08/2019 00:00,""
20/08/2019 00:00,""
21/08/2019 00:00,""
22/08/2019 00:00,""
23/08/2019 00:00,""
24/08/2019 00:00,""
25/08/2019 00:00,""
26/08/2019 00:00,""
27/08/2019 00:00,""
28/08/2019 00:00,""
29/08/2019 00:00,""
30/08/2019 00:00,""
31/08/2019 00:00,""
01/09/2019 00:00,""
02/09/2019 00:00,""
03/09/2019 00:00,""
04/09/2019 00:00,""
05/09/2019 00:00,""
06/09/2019 00:00,""
07/09/2019 00:00,""
08/09/2019 00:00,""
09/09/2019 00:00,""
10/09/2019 00:00,""
11/09/2019 00:00,""
12/09/2019 00:00,""
13/09/2019 00:00,""
14/09/2019 00:00,""
15/09/2019 00:00,""
16/09/2019 00:00,""
17/09/2019 00:00,""
18/09/2019 00:00,""
19/09/2019 00:00,""
20/09/2019 00:00,""
21/09/2019 00:00,""
22/09/2019 00:00,""
23/09/2019 00:00,""
24/09/2019 00:00,""
25/09/2019 00:00,""
26/09/2019 00:00,""
27/09/2019 00:00,""
28/09/2019 00:00,""
29/09/2019 00:00,""
30/09/2019 00:00,""
01/10/2019 00:00,""
02/10/2019 00:00,""
03/10/2019 00:00,""
04/10/2019 00:00,""
05/10/2019 00:00,""
06/10/2019 00:00,""
07/10/2019 00:00,""
08/10/2019 00:00,""
09/10/2019 00:00,""
10/10/2019 00:00,""
11/10/2019 00:00,""
12/10/2019 00:00,""
13/10/2019 00:00,""
14/10/2019 00:00,""
15/10/2019 00:00,""
16/10/2019 00:00,""
17/10/2019 00:00,""
18/10/2019 00:00,""
19/10/2019 00:00,""
20/10/2019 00:00,""
21/10/2019 00:00,""
22/10/2019 00:00,""
23/10/2019 00:00,""
24/10/2019 00:00,""
25/10/2019 00:00,""
26/10/2019 00:00,""
27/10/2019 00:00,""
28/10/2019 00:00,""
29/10/2019 00:00,""
30/10/2019 00:00,""
31/10/2019 00:00,""
01/11/2019 00:00,""
02/11/2019 00:00,""
03/11/2019 00:00,""
04/11/2019 00:00,""
05/11/2019 00:00,""
06/11/2019 00:00,""
07/11/2019 00:00,""
08/11/2019 00:00,""
09/11/2019 00:00,""
10/11/2019 00:00,""
11/11/2019 00:00,""
12/11/2019 00:00,""
13/11/2019 00:00,""
14/11/2019 00:00,""
15/11/2019 00:00,""
16/11/2019 00:00,""
17/11/2019 00:00,""
18/11/2019 00:00,""
19/11/2019 00:00,""
20/11/2019 00:00,""
21/11/2019 00:00,""
22/11/2019 00:00,""
23/11/2019 00:00,""
24/11/2019 00:00,""
25/11/2019 00:00,""
26/11/2019 00:00,""
27/11/2019 00:00,""
28/11/2019 00:00,""
29/11/2019 00:00,""
30/11/2019 00:00,""
01/12/2019 00:00,""
02/12/2019 00:00,""
03/12/2019 00:00,""
04/12/2019 00:00,""
05/12/2019 00:00,""
06/12/2019 00:00,""
07/12/2019 00:00,""
08/12/2019 00:00,""
09/12/2019 00:00,""
10/12/2019 00:00,""
11/12/2019 00:00,""
12/12/2019 00:00,""
13/12/2019 00:00,""
14/12/2019 00:00,""
15/12/2019 00:00,""
16/12/2019 00:00,""
17/12/2019 00:00,""
18/12/2019 00:00,""
19/12/2019 00:00,""
20/12/2019 00:00,""
21/12/2019 00:00,""
22/12/2019 00:00,""
23/12/2019 00:00,""
24/12/2019 00:00,""
25/12/2019 00:00,""
26/12/2019 00:00,""
27/12/2019 00:00,""
28/12/2019 00:00,""
29/12/2019 00:00,""
30/12/2019 00:00,""
31/12/2019 00:00,""
01/01/2020 00:00,""
02/01/2020 00:00,""
03/01/2020 00:00,""
04/01/2020 00:00,""
05/01/2020 00:00,""
06/01/2020 00:00,""
07/01/2020 00:00,""
08/01/2020 00:00,""
09/01/2020 00:00,""
10/01/2020 00:00,""
11/01/2020 00:00,""
12/01/2020 00:00,""
13/01/2020 00:00,""
14/01/2020 00:00,""
15/01/2020 00:00,""
16/01/2020 00:00,""
17/01/2020 00:00,""
18/01/2020 00:00,""
19/01/2020 00:00,""
20/01/2020 00:00,""
21/01/2020 00:00,""
22/01/2020 00:00,""
23/01/2020 00:00,""
24/01/2020 00:00,""
25/01/2020 00:00,""
26/01/2020 00:00,""
27/01/2020 00:00,""
28/01/2020 00:00,""
29/01/2020 00:00,""
30/01/2020 00:00,""
31/01/2020 00:00,""
01/02/2020 00:00,""
02/02/2020 00:00,""
03/02/2020 00:00,""
04/02/2020 00:00,""
05/02/2020 00:00,""
06/02/2020 00:00,""
07/02/2020 00:00,""
08/02/2020 00:00,""
09/02/2020 00:00,""
10/02/2020 00:00,""
11/02/2020 00:00,""
12/02/2020 00:00,""
13/02/2020 00:00,""
14/02/2020 00:00,""
15/02/2020 00:00,""
16/02/2020 00:00,""
17/02/2020 00:00,""
18/02/2020 00:00,""
19/02/2020 00:00,""
20/02/2020 00:00,""
21/02/2020 00:00,""
22/02/2020 00:00,""
23/02/2020 00:00,""
24/02/2020 00:00,""
25/02/2020 00:00,""
26/02/2020 00:00,""
27/02/2020 00:00,""
28/02/2020 00:00,""
29/02/2020 00:00,""
01/03/2020 00:00,""
02/03/2020 00:00,""
03/03/2020 00:00,""
04/03/2020 00:00,""
05/03/2020 00:00,""
06/03/2020 00:00,""
07/03/2020 00:00,""
08/03/2020 00:00,""
09/03/2020 00:00,""
10/03/2020 00:00,""
11/03/2020 00:00,""
12/03/2020 00:00,""
13/03/2020 00:00,""
14/03/2020 00:00,""
15/03/2020 00:00,""
16/03/2020 00:00,""
17/03/2020 00:00,""
18/03/2020 00:00,""
19/03/2020 00:00,""
20/03/2020 00:00,""
21/03/2020 00:00,""
22/03/2020 00:00,""
23/03/2020 00:00,""
24/03/2020 00:00,""
25/03/2020 00:00,""
26/03/2020 00:00,""
27/03/2020 00:00,""
28/03/2020 00:00,""
29/03/2020 00:00,""
30/03/2020 00:00,""
31/03/2020 00:00,""
01/04/2020 00:00,""
02/04/2020 00:00,""
03/04/2020 00:00,""
04/04/2020 00:00,""
05/04/2020 00:00,""
06/04/2020 00:00,""
07/04/2020 00:00,""
08/04/2020 00:00,""
09/04/2020 00:00,""
10/04/2020 00:00,""
11/04/2020 00:00,""
12/04/2020 00:00,""
13/04/2020 00:00,""
14/04/2020 00:00,""
15/04/2020 00:00,""
16/04/2020 00:00,""
17/04/2020 00:00,""
18/04/2020 00:00,""
19/04/2020 00:00,""
20/04/2020 00:00,""
21/04/2020 00:00,""
22/04/2020 00:00,""
23/04/2020 00:00,""
24/04/2020 00:00,""
25/04/2020 00:00,""
26/04/2020 00:00,""
27/04/2020 00:00,""
28/04/2020 00:00,""
29/04/2020 00:00,""
30/04/2020 00:00,""
01/05/2020 00:00,""
02/05/2020 00:00,""
03/05/2020 00:00,""
04/05/2020 00:00,""
05/05/2020 00:00,""
06/05/2020 00:00,""
07/05/2020 00:00,""
08/05/2020 00:00,""
09/05/2020 00:00,""
10/05/2020 00:00,""
11/05/2020 00:00,""
12/05/2020 00:00,""
13/05/2020 00:00,""
14/05/2020 00:00,""
15/05/2020 00:00,""
16/05/2020 00:00,""
17/05/2020 00:00,""
18/05/2020 00:00,""
19/05/2020 00:00,""
20/05/2020 00:00,""
21/05/2020 00:00,""
22/05/2020 00:00,""
23/05/2020 00:00,""
24/05/2020 00:00,""
25/05/2020 00:00,""
26/05/2020 00:00,""
27/05/2020 00:00,""
28/05/2020 00:00,""
29/05/2020 00:00,""
30/05/2020 00:00,""
31/05/2020 00:00,""
01/06/2020 00:00,""
02/06/2020 00:00,""
03/06/2020 00:00,""
04/06/2020 00:00,""
05/06/2020 00:00,""
06/06/2020 00:00,""
07/06/2020 00:00,""
08/06/2020 00:00,""
09/06/2020 00:00,""
10/06/2020 00:00,""
11/06/2020 00:00,""
12/06/2020 00:00,""
13/06/2020 00:00,""
14/06/2020 00:00,""
15/06/2020 00:00,""
16/06/2020 00:00,""
17/06/2020 00:00,""
18/06/2020 00:00,""
19/06/2020 00:00,""
20/06/2020 00:00,""
21/06/2020 00:00,""
22/06/2020 00:00,""
23/06/2020 00:00,""
24/06/2020 00:00,""
25/06/2020 00:00,""
26/06/2020 00:00,""
27/06/2020 00:00,""
28/06/2020 00:00,""
29/06/2020 00:00,""
30/06/2020 00:00,""
01/07/2020 00:00,""
02/07/2020 00:00,""
03/07/2020 00:00,""
04/07/2020 00:00,""
05/07/2020 00:00,""
06/07/2020 00:00,""
07/07/2020 00:00,""
08/07/2020 00:00,""
09/07/2020 00:00,""
10/07/2020 00:00,""
11/07/2020 00:00,""
12/07/2020 00:00,""
13/07/2020 00:00,""
14/07/2020 00:00,""
15/07/2020 00:00,""
16/07/2020 00:00,""
17/07/2020 00:00,""
18/07/2020 00:00,""
19/07/2020 00:00,""
20/07/2020 00:00,""
21/07/2020 00:00,""
22/07/2020 00:00,""
23/07/2020 00:00,""
24/07/2020 00:00,""
25/07/2020 00:00,""
26/07/2020 00:00,""
27/07/2020 00:00,""
28/07/2020 00:00,""
29/07/2020 00:00,""
30/07/2020 00:00,""
31/07/2020 00:00,""
01/08/2020 00:00,""
02/08/2020 00:00,""
03/08/2020 00:00,""
04/08/2020 00:00,""
05/08/2020 00:00,""
06/08/2020 00:00,""
07/08/2020 00:00,""
08/08/2020 00:00,""
09/08/2020 00:00,""
10/08/2020 00:00,""
11/08/2020 00:00,""
12/08/2020 00:00,""
13/08/2020 00:00,""
14/08/2020 00:00,""
15/08/2020 00:00,""
16/08/2020 00:00,""
17/08/2020 00:00,""
18/08/2020 00:00,""
19/08/2020 00:00,""
20/08/2020 00:00,""
21/08/2020 00:00,""
22/08/2020 00:00,""
23/08/2020 00:00,""
24/08/2020 00:00,""
25/08/2020 00:00,""
26/08/2020 00:00,""
27/08/2020 00:00,""
28/08/2020 00:00,""
29/08/2020 00:00,""
30/08/2020 00:00,""
31/08/2020 00:00,""
01/09/2020 00:00,""
02/09/2020 00:00,""
03/09/2020 00:00,""
04/09/2020 00:00,""
05/09/2020 00:00,""
06/09/2020 00:00,""
07/09/2020 00:00,""
08/09/2020 00:00,""
09/09/2020 00:00,""
10/09/2020 00:00,""
11/09/2020 00:00,""
12/09/2020 00:00,""
13/09/2020 00:00,""
14/09/2020 00:00,""
15/09/2020 00:00,""
16/09/2020 00:00,""
17/09/2020 00:00,""
18/09/2020 00:00,""
19/09/2020 00:00,""
20/09/2020 00:00,""
21/09/2020 00:00,""
22/09/2020 00:00,""
23/09/2020 00:00,""
24/09/2020 00:00,""
25/09/2020 00:00,""
26/09/2020 00:00,""
27/09/2020 00:00,""
28/09/2020 00:00,""
29/09/2020 00:00,""
30/09/2020 00:00,""
01/10/2020 00:00,""
02/10/2020 00:00,""
03/10/2020 00:00,""
04/10/2020 00:00,""
05/10/2020 00:00,""
06/10/2020 00:00,""
07/10/2020 00:00,""
08/10/2020 00:00,""
09/10/2020 00:00,""
10/10/2020 00:00,""
11/10/2020 00:00,""
12/10/2020 00:00,""
13/10/2020 00:00,""
14/10/2020 00:00,""
15/10/2020 00:00,""
16/10/2020 00:00,""
17/10/2020 00:00,""
18/10/2020 00:00,""
19/10/2020 00:00,""
20/10/2020 00:00,""
21/10/2020 00:00,""
22/10/2020 00:00,""
23/10/2020 00:00,""
24/10/2020 00:00,""
25/10/2020 00:00,""
