"Time","A4261168"
"and","Water Temp. (Deg.C)"
"Date","Mean"
25/09/2014 00:00,""
26/09/2014 00:00,       17.05
27/09/2014 00:00,       17.50
28/09/2014 00:00,       18.06
29/09/2014 00:00,       18.41
30/09/2014 00:00,       18.68
01/10/2014 00:00,       18.46
02/10/2014 00:00,       18.43
03/10/2014 00:00,       18.64
04/10/2014 00:00,       19.18
05/10/2014 00:00,       19.74
06/10/2014 00:00,       19.88
07/10/2014 00:00,       19.10
08/10/2014 00:00,       18.81
09/10/2014 00:00,       19.22
10/10/2014 00:00,       19.69
11/10/2014 00:00,       19.90
12/10/2014 00:00,       20.17
13/10/2014 00:00,       19.70
14/10/2014 00:00,       18.69
15/10/2014 00:00,       18.37
16/10/2014 00:00,       18.64
17/10/2014 00:00,       19.09
18/10/2014 00:00,       19.67
19/10/2014 00:00,       20.18
20/10/2014 00:00,       20.54
21/10/2014 00:00,       21.03
22/10/2014 00:00,       21.74
23/10/2014 00:00,       21.83
24/10/2014 00:00,       22.37
25/10/2014 00:00,       22.73
26/10/2014 00:00,       22.40
27/10/2014 00:00,       21.78
28/10/2014 00:00,       21.56
29/10/2014 00:00,       21.84
30/10/2014 00:00,       22.23
31/10/2014 00:00,       22.31
01/11/2014 00:00,       21.83
02/11/2014 00:00,       21.31
03/11/2014 00:00,       21.47
04/11/2014 00:00,       21.61
05/11/2014 00:00,       21.22
06/11/2014 00:00,       21.17
07/11/2014 00:00,       21.78
08/11/2014 00:00,       22.40
09/11/2014 00:00,       22.17
10/11/2014 00:00,       21.97
11/11/2014 00:00,       22.26
12/11/2014 00:00,       23.12
13/11/2014 00:00,       23.78
14/11/2014 00:00,       23.87
15/11/2014 00:00,       23.31
16/11/2014 00:00,       22.68
17/11/2014 00:00,       22.72
18/11/2014 00:00,       22.92
19/11/2014 00:00,       23.18
20/11/2014 00:00,       23.28
21/11/2014 00:00,       23.19
22/11/2014 00:00,       23.85
23/11/2014 00:00,       24.04
24/11/2014 00:00,       24.28
25/11/2014 00:00,       23.98
26/11/2014 00:00,       23.90
27/11/2014 00:00,       23.95
28/11/2014 00:00,       24.31
29/11/2014 00:00,       24.74
30/11/2014 00:00,       25.21
01/12/2014 00:00,       25.34
02/12/2014 00:00,       25.55
03/12/2014 00:00,       26.23
04/12/2014 00:00,       26.55
05/12/2014 00:00,       26.25
06/12/2014 00:00,       25.72
07/12/2014 00:00,       25.40
08/12/2014 00:00,       26.03
09/12/2014 00:00,       26.27
10/12/2014 00:00,       25.88
11/12/2014 00:00,       25.06
12/12/2014 00:00,       25.21
13/12/2014 00:00,       25.93
14/12/2014 00:00,       26.46
15/12/2014 00:00,       26.43
16/12/2014 00:00,       26.22
17/12/2014 00:00,       25.43
18/12/2014 00:00,       25.60
19/12/2014 00:00,       25.14
20/12/2014 00:00,       25.12
21/12/2014 00:00,       25.81
22/12/2014 00:00,       26.05
23/12/2014 00:00,       25.16
24/12/2014 00:00,       24.75
25/12/2014 00:00,       24.94
26/12/2014 00:00,       24.50
27/12/2014 00:00,       24.49
28/12/2014 00:00,       25.09
29/12/2014 00:00,       25.31
30/12/2014 00:00,       24.72
31/12/2014 00:00,       24.77
01/01/2015 00:00,       25.42
02/01/2015 00:00,       26.09
03/01/2015 00:00,       26.68
04/01/2015 00:00,       26.52
05/01/2015 00:00,       27.11
06/01/2015 00:00,       27.99
07/01/2015 00:00,       28.91
08/01/2015 00:00,       29.17
09/01/2015 00:00,       28.40
10/01/2015 00:00,       27.02
11/01/2015 00:00,       26.10
12/01/2015 00:00,       26.43
13/01/2015 00:00,       26.72
14/01/2015 00:00,       25.99
15/01/2015 00:00,       25.23
16/01/2015 00:00,       25.34
17/01/2015 00:00,       25.54
18/01/2015 00:00,       25.37
19/01/2015 00:00,       25.26
20/01/2015 00:00,       25.06
21/01/2015 00:00,       24.62
22/01/2015 00:00,       25.29
23/01/2015 00:00,       25.96
24/01/2015 00:00,       25.71
25/01/2015 00:00,       25.63
26/01/2015 00:00,       25.02
27/01/2015 00:00,       24.54
28/01/2015 00:00,       24.09
29/01/2015 00:00,       24.08
30/01/2015 00:00,       24.00
31/01/2015 00:00,       23.97
01/02/2015 00:00,       23.72
02/02/2015 00:00,       23.35
03/02/2015 00:00,       23.62
04/02/2015 00:00,       23.55
05/02/2015 00:00,       23.47
06/02/2015 00:00,       24.03
07/02/2015 00:00,       24.79
08/02/2015 00:00,       25.18
09/02/2015 00:00,       25.25
10/02/2015 00:00,       25.45
11/02/2015 00:00,       25.79
12/02/2015 00:00,       25.96
13/02/2015 00:00,       26.48
14/02/2015 00:00,       26.38
15/02/2015 00:00,       26.57
16/02/2015 00:00,       25.95
17/02/2015 00:00,       25.46
18/02/2015 00:00,       25.81
19/02/2015 00:00,       26.22
20/02/2015 00:00,       26.62
21/02/2015 00:00,       26.95
22/02/2015 00:00,       27.35
23/02/2015 00:00,       27.51
24/02/2015 00:00,       26.27
25/02/2015 00:00,       25.97
26/02/2015 00:00,       25.99
27/02/2015 00:00,       26.16
28/02/2015 00:00,       26.28
01/03/2015 00:00,       25.26
02/03/2015 00:00,       24.76
03/03/2015 00:00,       25.04
04/03/2015 00:00,       24.91
05/03/2015 00:00,       24.36
06/03/2015 00:00,       23.41
07/03/2015 00:00,       23.20
08/03/2015 00:00,       23.28
09/03/2015 00:00,       23.36
10/03/2015 00:00,       23.34
11/03/2015 00:00,       23.44
12/03/2015 00:00,       23.23
13/03/2015 00:00,       22.97
14/03/2015 00:00,       22.96
15/03/2015 00:00,       22.98
16/03/2015 00:00,       22.79
17/03/2015 00:00,       22.50
18/03/2015 00:00,       22.36
19/03/2015 00:00,       22.82
20/03/2015 00:00,       22.63
21/03/2015 00:00,       21.86
22/03/2015 00:00,       21.85
23/03/2015 00:00,       22.19
24/03/2015 00:00,       21.43
25/03/2015 00:00,       20.74
26/03/2015 00:00,       20.41
27/03/2015 00:00,       20.07
28/03/2015 00:00,       19.94
29/03/2015 00:00,       20.18
30/03/2015 00:00,       20.19
31/03/2015 00:00,       20.43
01/04/2015 00:00,       20.63
02/04/2015 00:00,       20.32
03/04/2015 00:00,       19.75
04/04/2015 00:00,       19.76
05/04/2015 00:00,       20.06
06/04/2015 00:00,       19.67
07/04/2015 00:00,       18.65
08/04/2015 00:00,       18.18
09/04/2015 00:00,       18.08
10/04/2015 00:00,       18.28
11/04/2015 00:00,       18.43
12/04/2015 00:00,       18.52
13/04/2015 00:00,       18.63
14/04/2015 00:00,       18.98
15/04/2015 00:00,       19.14
16/04/2015 00:00,       19.15
17/04/2015 00:00,       18.56
18/04/2015 00:00,       18.52
19/04/2015 00:00,       18.47
20/04/2015 00:00,       17.57
21/04/2015 00:00,       17.12
22/04/2015 00:00,       17.06
23/04/2015 00:00,       17.10
24/04/2015 00:00,       17.12
25/04/2015 00:00,       16.86
26/04/2015 00:00,       16.32
27/04/2015 00:00,       16.00
28/04/2015 00:00,       15.96
29/04/2015 00:00,       15.96
30/04/2015 00:00,       15.78
01/05/2015 00:00,       16.01
02/05/2015 00:00,       16.52
03/05/2015 00:00,       16.70
04/05/2015 00:00,       16.62
05/05/2015 00:00,       16.49
06/05/2015 00:00,       15.83
07/05/2015 00:00,       15.63
08/05/2015 00:00,       15.63
09/05/2015 00:00,       15.53
10/05/2015 00:00,       15.44
11/05/2015 00:00,       15.43
12/05/2015 00:00,       15.54
13/05/2015 00:00,       15.08
14/05/2015 00:00,       14.33
15/05/2015 00:00,       14.18
16/05/2015 00:00,       14.06
17/05/2015 00:00,       14.12
18/05/2015 00:00,       14.31
19/05/2015 00:00,       14.75
20/05/2015 00:00,       15.04
21/05/2015 00:00,       14.60
22/05/2015 00:00,       14.18
23/05/2015 00:00,       14.00
24/05/2015 00:00,       13.76
25/05/2015 00:00,       13.84
26/05/2015 00:00,       14.24
27/05/2015 00:00,       14.62
28/05/2015 00:00,       14.79
29/05/2015 00:00,       14.70
30/05/2015 00:00,       14.66
31/05/2015 00:00,       14.46
01/06/2015 00:00,       14.11
02/06/2015 00:00,       13.61
03/06/2015 00:00,       13.00
04/06/2015 00:00,       12.77
05/06/2015 00:00,       12.85
06/06/2015 00:00,       12.94
07/06/2015 00:00,       12.87
08/06/2015 00:00,       12.99
09/06/2015 00:00,       12.98
10/06/2015 00:00,       12.70
11/06/2015 00:00,       12.17
12/06/2015 00:00,       12.03
13/06/2015 00:00,       12.21
14/06/2015 00:00,       12.58
15/06/2015 00:00,       12.79
16/06/2015 00:00,       12.85
17/06/2015 00:00,       12.95
18/06/2015 00:00,       13.01
19/06/2015 00:00,       12.89
20/06/2015 00:00,       12.74
21/06/2015 00:00,       12.36
22/06/2015 00:00,       11.88
23/06/2015 00:00,       11.89
24/06/2015 00:00,       12.05
25/06/2015 00:00,       12.21
26/06/2015 00:00,       12.27
27/06/2015 00:00,       12.12
28/06/2015 00:00,       11.79
29/06/2015 00:00,       11.73
30/06/2015 00:00,       11.93
01/07/2015 00:00,       11.94
02/07/2015 00:00,       11.75
03/07/2015 00:00,       11.45
04/07/2015 00:00,       11.24
05/07/2015 00:00,       11.23
06/07/2015 00:00,       11.36
07/07/2015 00:00,       11.42
08/07/2015 00:00,       11.54
09/07/2015 00:00,       11.67
10/07/2015 00:00,       11.70
11/07/2015 00:00,       11.73
12/07/2015 00:00,       11.34
13/07/2015 00:00,       11.22
14/07/2015 00:00,       11.28
15/07/2015 00:00,       11.10
16/07/2015 00:00,       10.80
17/07/2015 00:00,       10.67
18/07/2015 00:00,       10.59
19/07/2015 00:00,       10.69
20/07/2015 00:00,       10.51
21/07/2015 00:00,       10.27
22/07/2015 00:00,       10.48
23/07/2015 00:00,       10.57
24/07/2015 00:00,       10.84
25/07/2015 00:00,       10.99
26/07/2015 00:00,       11.12
27/07/2015 00:00,       10.91
28/07/2015 00:00,       10.83
29/07/2015 00:00,       10.94
30/07/2015 00:00,       10.87
31/07/2015 00:00,       11.15
01/08/2015 00:00,       11.49
02/08/2015 00:00,       11.47
03/08/2015 00:00,       11.38
04/08/2015 00:00,       11.43
05/08/2015 00:00,       11.40
06/08/2015 00:00,       11.38
07/08/2015 00:00,       11.61
08/08/2015 00:00,       11.80
09/08/2015 00:00,       11.81
10/08/2015 00:00,       11.85
11/08/2015 00:00,       11.81
12/08/2015 00:00,       11.73
13/08/2015 00:00,       11.60
14/08/2015 00:00,       11.96
15/08/2015 00:00,       12.19
16/08/2015 00:00,       12.51
17/08/2015 00:00,       12.54
18/08/2015 00:00,       12.34
19/08/2015 00:00,       12.24
20/08/2015 00:00,       12.56
21/08/2015 00:00,       12.89
22/08/2015 00:00,       13.01
23/08/2015 00:00,       13.42
24/08/2015 00:00,       13.33
25/08/2015 00:00,       12.82
26/08/2015 00:00,       13.05
27/08/2015 00:00,       13.38
28/08/2015 00:00,       13.39
29/08/2015 00:00,       13.34
30/08/2015 00:00,       13.32
31/08/2015 00:00,       13.45
01/09/2015 00:00,       13.59
02/09/2015 00:00,       13.76
03/09/2015 00:00,       13.75
04/09/2015 00:00,       13.70
05/09/2015 00:00,       13.78
06/09/2015 00:00,       14.06
07/09/2015 00:00,       13.96
08/09/2015 00:00,       14.06
09/09/2015 00:00,       14.26
10/09/2015 00:00,       14.54
11/09/2015 00:00,       14.99
12/09/2015 00:00,       15.44
13/09/2015 00:00,       15.92
14/09/2015 00:00,       16.37
15/09/2015 00:00,       16.44
16/09/2015 00:00,       16.40
17/09/2015 00:00,       16.44
18/09/2015 00:00,       16.51
19/09/2015 00:00,       16.65
20/09/2015 00:00,       16.84
21/09/2015 00:00,       16.79
22/09/2015 00:00,       16.44
23/09/2015 00:00,       16.22
24/09/2015 00:00,       16.15
25/09/2015 00:00,       16.24
26/09/2015 00:00,       16.48
27/09/2015 00:00,       16.77
28/09/2015 00:00,       17.09
29/09/2015 00:00,       17.21
30/09/2015 00:00,       17.46
01/10/2015 00:00,       17.87
02/10/2015 00:00,       18.24
03/10/2015 00:00,       18.73
04/10/2015 00:00,       19.14
05/10/2015 00:00,       19.60
06/10/2015 00:00,       20.03
07/10/2015 00:00,       19.75
08/10/2015 00:00,       19.61
09/10/2015 00:00,       20.05
10/10/2015 00:00,       20.42
11/10/2015 00:00,       20.41
12/10/2015 00:00,       20.44
13/10/2015 00:00,       20.58
14/10/2015 00:00,       20.77
15/10/2015 00:00,       21.16
16/10/2015 00:00,       21.33
17/10/2015 00:00,       20.94
18/10/2015 00:00,       20.73
19/10/2015 00:00,       21.44
20/10/2015 00:00,       21.96
21/10/2015 00:00,       21.67
22/10/2015 00:00,       20.93
23/10/2015 00:00,       20.86
24/10/2015 00:00,       21.18
25/10/2015 00:00,       21.33
26/10/2015 00:00,       20.95
27/10/2015 00:00,       21.12
28/10/2015 00:00,       21.67
29/10/2015 00:00,       22.25
30/10/2015 00:00,       22.80
31/10/2015 00:00,       23.26
01/11/2015 00:00,       23.38
02/11/2015 00:00,       23.19
03/11/2015 00:00,       23.15
04/11/2015 00:00,       23.19
05/11/2015 00:00,       23.28
06/11/2015 00:00,       22.93
07/11/2015 00:00,       22.61
08/11/2015 00:00,       23.07
09/11/2015 00:00,       23.77
10/11/2015 00:00,       24.07
11/11/2015 00:00,       23.59
12/11/2015 00:00,       23.61
13/11/2015 00:00,       23.49
14/11/2015 00:00,       22.92
15/11/2015 00:00,       22.62
16/11/2015 00:00,       22.98
17/11/2015 00:00,       23.70
18/11/2015 00:00,       24.20
19/11/2015 00:00,       24.85
20/11/2015 00:00,       25.26
21/11/2015 00:00,       24.52
22/11/2015 00:00,       23.82
23/11/2015 00:00,       23.62
24/11/2015 00:00,       23.76
25/11/2015 00:00,       24.16
26/11/2015 00:00,       23.68
27/11/2015 00:00,       22.96
28/11/2015 00:00,       22.96
29/11/2015 00:00,       23.41
30/11/2015 00:00,       23.76
01/12/2015 00:00,       23.44
02/12/2015 00:00,       22.71
03/12/2015 00:00,       22.69
04/12/2015 00:00,       23.59
05/12/2015 00:00,       24.58
06/12/2015 00:00,       25.46
07/12/2015 00:00,       25.79
08/12/2015 00:00,       25.63
09/12/2015 00:00,       25.84
10/12/2015 00:00,       25.92
11/12/2015 00:00,       25.54
12/12/2015 00:00,       24.80
13/12/2015 00:00,       24.86
14/12/2015 00:00,       25.27
15/12/2015 00:00,       25.61
16/12/2015 00:00,       26.21
17/12/2015 00:00,       26.88
18/12/2015 00:00,       27.47
19/12/2015 00:00,       27.62
20/12/2015 00:00,       27.38
21/12/2015 00:00,       25.79
22/12/2015 00:00,       25.25
23/12/2015 00:00,       26.10
24/12/2015 00:00,       26.51
25/12/2015 00:00,       27.13
26/12/2015 00:00,       26.40
27/12/2015 00:00,       24.82
28/12/2015 00:00,       24.92
29/12/2015 00:00,       25.54
30/12/2015 00:00,       26.30
31/12/2015 00:00,       26.31
01/01/2016 00:00,       26.38
02/01/2016 00:00,       25.70
03/01/2016 00:00,       25.84
04/01/2016 00:00,       25.82
05/01/2016 00:00,       25.86
06/01/2016 00:00,       26.36
07/01/2016 00:00,       26.25
08/01/2016 00:00,       25.99
09/01/2016 00:00,       26.10
10/01/2016 00:00,       26.32
11/01/2016 00:00,       26.78
12/01/2016 00:00,       27.15
13/01/2016 00:00,       27.93
14/01/2016 00:00,       26.57
15/01/2016 00:00,       24.62
16/01/2016 00:00,       25.03
17/01/2016 00:00,       25.99
18/01/2016 00:00,       26.74
19/01/2016 00:00,       27.00
20/01/2016 00:00,       27.21
21/01/2016 00:00,       26.96
22/01/2016 00:00,       27.10
23/01/2016 00:00,       27.07
24/01/2016 00:00,       26.82
25/01/2016 00:00,       26.86
26/01/2016 00:00,       27.17
27/01/2016 00:00,       27.61
28/01/2016 00:00,       27.12
29/01/2016 00:00,       26.23
30/01/2016 00:00,       25.38
31/01/2016 00:00,       25.13
01/02/2016 00:00,       25.59
02/02/2016 00:00,       25.96
03/02/2016 00:00,       24.99
04/02/2016 00:00,       24.09
05/02/2016 00:00,       24.37
06/02/2016 00:00,       25.24
07/02/2016 00:00,       25.86
08/02/2016 00:00,       25.97
09/02/2016 00:00,       26.09
10/02/2016 00:00,       26.50
11/02/2016 00:00,       26.69
12/02/2016 00:00,       26.94
13/02/2016 00:00,       27.02
14/02/2016 00:00,       26.60
15/02/2016 00:00,       26.05
16/02/2016 00:00,       25.51
17/02/2016 00:00,       24.95
18/02/2016 00:00,       25.05
19/02/2016 00:00,       24.93
20/02/2016 00:00,       24.57
21/02/2016 00:00,       24.80
22/02/2016 00:00,       25.62
23/02/2016 00:00,       26.31
24/02/2016 00:00,       26.52
25/02/2016 00:00,       26.69
26/02/2016 00:00,       26.31
27/02/2016 00:00,       26.02
28/02/2016 00:00,       25.92
29/02/2016 00:00,       25.74
01/03/2016 00:00,       25.76
02/03/2016 00:00,       25.85
03/03/2016 00:00,       26.04
04/03/2016 00:00,       26.39
05/03/2016 00:00,       26.93
06/03/2016 00:00,       27.60
07/03/2016 00:00,       28.24
08/03/2016 00:00,       28.32
09/03/2016 00:00,       28.46
10/03/2016 00:00,       27.88
11/03/2016 00:00,       28.02
12/03/2016 00:00,       28.50
13/03/2016 00:00,       28.38
14/03/2016 00:00,       27.90
15/03/2016 00:00,       27.30
16/03/2016 00:00,       27.27
17/03/2016 00:00,       27.65
18/03/2016 00:00,       26.93
19/03/2016 00:00,       25.03
20/03/2016 00:00,       24.46
21/03/2016 00:00,       24.14
22/03/2016 00:00,       24.35
23/03/2016 00:00,       24.23
24/03/2016 00:00,       23.89
25/03/2016 00:00,       23.94
26/03/2016 00:00,       23.29
27/03/2016 00:00,       22.88
28/03/2016 00:00,       22.59
29/03/2016 00:00,       22.10
30/03/2016 00:00,       21.59
31/03/2016 00:00,       21.44
01/04/2016 00:00,       21.17
02/04/2016 00:00,       20.75
03/04/2016 00:00,       20.41
04/04/2016 00:00,       20.24
05/04/2016 00:00,       20.48
06/04/2016 00:00,       20.56
07/04/2016 00:00,       19.71
08/04/2016 00:00,       19.84
09/04/2016 00:00,       20.03
10/04/2016 00:00,       20.00
11/04/2016 00:00,       19.97
12/04/2016 00:00,       19.60
13/04/2016 00:00,       19.60
14/04/2016 00:00,       19.67
15/04/2016 00:00,       19.67
16/04/2016 00:00,       19.61
17/04/2016 00:00,       19.47
18/04/2016 00:00,       19.14
19/04/2016 00:00,       19.20
20/04/2016 00:00,       19.59
21/04/2016 00:00,       19.78
22/04/2016 00:00,       19.39
23/04/2016 00:00,       18.59
24/04/2016 00:00,       18.22
25/04/2016 00:00,       18.46
26/04/2016 00:00,       18.82
27/04/2016 00:00,       18.87
28/04/2016 00:00,       18.79
29/04/2016 00:00,       18.88
30/04/2016 00:00,       19.01
01/05/2016 00:00,       18.90
02/05/2016 00:00,       18.43
03/05/2016 00:00,       17.84
04/05/2016 00:00,       17.75
05/05/2016 00:00,       17.69
06/05/2016 00:00,       17.86
07/05/2016 00:00,       17.93
08/05/2016 00:00,       17.82
09/05/2016 00:00,       17.63
10/05/2016 00:00,       17.39
11/05/2016 00:00,       16.86
12/05/2016 00:00,       16.52
13/05/2016 00:00,       16.54
14/05/2016 00:00,       16.73
15/05/2016 00:00,       17.00
16/05/2016 00:00,       17.02
17/05/2016 00:00,       16.73
18/05/2016 00:00,       16.38
19/05/2016 00:00,       16.16
20/05/2016 00:00,       16.07
21/05/2016 00:00,       16.25
22/05/2016 00:00,       16.34
23/05/2016 00:00,       16.29
24/05/2016 00:00,       16.06
25/05/2016 00:00,       15.45
26/05/2016 00:00,       15.15
27/05/2016 00:00,       14.98
28/05/2016 00:00,       14.77
29/05/2016 00:00,       14.30
30/05/2016 00:00,       14.07
31/05/2016 00:00,       14.11
01/06/2016 00:00,       14.39
02/06/2016 00:00,       14.51
03/06/2016 00:00,       14.41
04/06/2016 00:00,       14.17
05/06/2016 00:00,       13.94
06/06/2016 00:00,       13.64
07/06/2016 00:00,       13.46
08/06/2016 00:00,       13.46
09/06/2016 00:00,       13.49
10/06/2016 00:00,       13.52
11/06/2016 00:00,       13.58
12/06/2016 00:00,       13.49
13/06/2016 00:00,       12.94
14/06/2016 00:00,       12.43
15/06/2016 00:00,       12.47
16/06/2016 00:00,       12.80
17/06/2016 00:00,       13.02
18/06/2016 00:00,       13.17
19/06/2016 00:00,       13.29
20/06/2016 00:00,       13.11
21/06/2016 00:00,       12.78
22/06/2016 00:00,       12.51
23/06/2016 00:00,       12.34
24/06/2016 00:00,       12.25
25/06/2016 00:00,       11.92
26/06/2016 00:00,       11.65
27/06/2016 00:00,       11.53
28/06/2016 00:00,       11.46
29/06/2016 00:00,       11.39
30/06/2016 00:00,       11.32
01/07/2016 00:00,       11.30
02/07/2016 00:00,       11.57
03/07/2016 00:00,       11.85
04/07/2016 00:00,       11.86
05/07/2016 00:00,       11.67
06/07/2016 00:00,       11.48
07/07/2016 00:00,       11.43
08/07/2016 00:00,       11.49
09/07/2016 00:00,       11.43
10/07/2016 00:00,       11.48
11/07/2016 00:00,       11.46
12/07/2016 00:00,       11.47
13/07/2016 00:00,       11.02
14/07/2016 00:00,       10.85
15/07/2016 00:00,       10.94
16/07/2016 00:00,       10.76
17/07/2016 00:00,       10.59
18/07/2016 00:00,       10.84
19/07/2016 00:00,       11.26
20/07/2016 00:00,       11.76
21/07/2016 00:00,       12.29
22/07/2016 00:00,       12.79
23/07/2016 00:00,       12.58
24/07/2016 00:00,       12.42
25/07/2016 00:00,       12.01
26/07/2016 00:00,       11.77
27/07/2016 00:00,       11.66
28/07/2016 00:00,       11.57
29/07/2016 00:00,       11.60
30/07/2016 00:00,       11.71
31/07/2016 00:00,       11.89
01/08/2016 00:00,       11.95
02/08/2016 00:00,       11.72
03/08/2016 00:00,       11.56
04/08/2016 00:00,       11.58
05/08/2016 00:00,       11.53
06/08/2016 00:00,       11.57
07/08/2016 00:00,       11.64
08/08/2016 00:00,       11.76
09/08/2016 00:00,       11.89
10/08/2016 00:00,       11.90
11/08/2016 00:00,       11.93
12/08/2016 00:00,       12.00
13/08/2016 00:00,       12.15
14/08/2016 00:00,       12.29
15/08/2016 00:00,       12.48
16/08/2016 00:00,       12.65
17/08/2016 00:00,       13.10
18/08/2016 00:00,       13.48
19/08/2016 00:00,       13.65
20/08/2016 00:00,       13.45
21/08/2016 00:00,       13.29
22/08/2016 00:00,       13.25
23/08/2016 00:00,       13.23
24/08/2016 00:00,       13.33
25/08/2016 00:00,       13.26
26/08/2016 00:00,       13.17
27/08/2016 00:00,       13.10
28/08/2016 00:00,       13.19
29/08/2016 00:00,       13.20
30/08/2016 00:00,       13.24
31/08/2016 00:00,       13.39
01/09/2016 00:00,       13.75
02/09/2016 00:00,       14.02
03/09/2016 00:00,       14.00
04/09/2016 00:00,       13.95
05/09/2016 00:00,       14.15
06/09/2016 00:00,       14.40
07/09/2016 00:00,       14.72
08/09/2016 00:00,       15.16
09/09/2016 00:00,       15.57
10/09/2016 00:00,       15.50
11/09/2016 00:00,       15.53
12/09/2016 00:00,       15.78
13/09/2016 00:00,       15.87
14/09/2016 00:00,       15.45
15/09/2016 00:00,       15.22
16/09/2016 00:00,       15.29
17/09/2016 00:00,       15.42
18/09/2016 00:00,       15.42
19/09/2016 00:00,       15.42
20/09/2016 00:00,       15.39
21/09/2016 00:00,       15.34
22/09/2016 00:00,       15.12
23/09/2016 00:00,       15.21
24/09/2016 00:00,       15.32
25/09/2016 00:00,       15.20
26/09/2016 00:00,       15.48
27/09/2016 00:00,       15.61
28/09/2016 00:00,       15.85
29/09/2016 00:00,       15.39
30/09/2016 00:00,       14.92
01/10/2016 00:00,       15.11
02/10/2016 00:00,       15.52
03/10/2016 00:00,       15.41
04/10/2016 00:00,       15.30
05/10/2016 00:00,       15.53
06/10/2016 00:00,       16.22
07/10/2016 00:00,       16.77
08/10/2016 00:00,       17.07
09/10/2016 00:00,       17.67
10/10/2016 00:00,       17.77
11/10/2016 00:00,       17.11
12/10/2016 00:00,       16.79
13/10/2016 00:00,       16.88
14/10/2016 00:00,       17.35
15/10/2016 00:00,       17.81
16/10/2016 00:00,       17.85
17/10/2016 00:00,       17.50
18/10/2016 00:00,       17.53
19/10/2016 00:00,       17.65
20/10/2016 00:00,       18.05
21/10/2016 00:00,       18.13
22/10/2016 00:00,       17.40
23/10/2016 00:00,       17.21
24/10/2016 00:00,       17.70
25/10/2016 00:00,       18.26
26/10/2016 00:00,       18.91
27/10/2016 00:00,       19.21
28/10/2016 00:00,       19.55
29/10/2016 00:00,       20.00
30/10/2016 00:00,       20.16
31/10/2016 00:00,       19.63
01/11/2016 00:00,       19.44
02/11/2016 00:00,       19.49
03/11/2016 00:00,       19.89
04/11/2016 00:00,       20.51
05/11/2016 00:00,       20.60
06/11/2016 00:00,       20.62
07/11/2016 00:00,       20.80
08/11/2016 00:00,       20.65
09/11/2016 00:00,       20.75
10/11/2016 00:00,       21.10
11/11/2016 00:00,       21.50
12/11/2016 00:00,       21.87
13/11/2016 00:00,       21.20
14/11/2016 00:00,       20.25
15/11/2016 00:00,       20.08
16/11/2016 00:00,       20.74
17/11/2016 00:00,       21.80
18/11/2016 00:00,       22.44
19/11/2016 00:00,       22.61
20/11/2016 00:00,       23.73
21/11/2016 00:00,       24.83
22/11/2016 00:00,       24.39
23/11/2016 00:00,       23.16
24/11/2016 00:00,       22.28
25/11/2016 00:00,       21.95
26/11/2016 00:00,       22.19
27/11/2016 00:00,       22.72
28/11/2016 00:00,       23.58
29/11/2016 00:00,""
30/11/2016 00:00,""
01/12/2016 00:00,""
02/12/2016 00:00,""
03/12/2016 00:00,""
04/12/2016 00:00,""
05/12/2016 00:00,""
06/12/2016 00:00,""
07/12/2016 00:00,""
08/12/2016 00:00,""
09/12/2016 00:00,""
10/12/2016 00:00,""
11/12/2016 00:00,""
12/12/2016 00:00,""
13/12/2016 00:00,""
14/12/2016 00:00,""
15/12/2016 00:00,""
16/12/2016 00:00,""
17/12/2016 00:00,""
18/12/2016 00:00,""
19/12/2016 00:00,""
20/12/2016 00:00,""
21/12/2016 00:00,""
22/12/2016 00:00,       25.28
23/12/2016 00:00,       25.83
24/12/2016 00:00,       26.32
25/12/2016 00:00,       27.11
26/12/2016 00:00,       27.35
27/12/2016 00:00,       26.83
28/12/2016 00:00,       27.20
29/12/2016 00:00,       27.74
30/12/2016 00:00,       28.14
31/12/2016 00:00,       28.22
01/01/2017 00:00,       27.78
02/01/2017 00:00,       26.88
03/01/2017 00:00,       26.63
04/01/2017 00:00,       26.96
05/01/2017 00:00,       27.27
06/01/2017 00:00,       27.60
07/01/2017 00:00,       28.09
08/01/2017 00:00,       27.81
09/01/2017 00:00,       27.03
10/01/2017 00:00,       27.19
11/01/2017 00:00,       27.11
12/01/2017 00:00,       27.05
13/01/2017 00:00,       27.20
14/01/2017 00:00,       26.29
15/01/2017 00:00,       25.80
16/01/2017 00:00,       26.23
17/01/2017 00:00,       26.92
18/01/2017 00:00,       26.96
19/01/2017 00:00,       27.05
20/01/2017 00:00,       27.41
21/01/2017 00:00,       26.68
22/01/2017 00:00,       26.62
23/01/2017 00:00,       27.18
24/01/2017 00:00,       27.24
25/01/2017 00:00,       26.73
26/01/2017 00:00,       26.63
27/01/2017 00:00,       26.89
28/01/2017 00:00,       27.51
29/01/2017 00:00,       27.65
30/01/2017 00:00,       27.87
31/01/2017 00:00,       27.34
01/02/2017 00:00,       26.60
02/02/2017 00:00,       26.12
03/02/2017 00:00,       26.03
04/02/2017 00:00,       26.24
05/02/2017 00:00,       25.89
06/02/2017 00:00,       25.51
07/02/2017 00:00,       25.06
08/02/2017 00:00,       26.29
09/02/2017 00:00,       27.53
10/02/2017 00:00,       27.96
11/02/2017 00:00,       28.53
12/02/2017 00:00,       27.34
13/02/2017 00:00,       25.67
14/02/2017 00:00,       25.82
15/02/2017 00:00,       26.10
16/02/2017 00:00,       26.24
17/02/2017 00:00,       25.78
18/02/2017 00:00,       24.78
19/02/2017 00:00,       23.75
20/02/2017 00:00,       23.46
21/02/2017 00:00,       23.74
22/02/2017 00:00,       24.04
23/02/2017 00:00,       23.86
24/02/2017 00:00,       23.55
25/02/2017 00:00,       23.20
26/02/2017 00:00,       23.29
27/02/2017 00:00,       23.93
28/02/2017 00:00,       24.78
01/03/2017 00:00,       25.26
02/03/2017 00:00,       25.57
03/03/2017 00:00,       25.45
04/03/2017 00:00,       25.55
05/03/2017 00:00,       25.53
06/03/2017 00:00,       25.41
07/03/2017 00:00,       25.71
08/03/2017 00:00,       26.05
09/03/2017 00:00,       26.23
10/03/2017 00:00,       25.98
11/03/2017 00:00,       25.75
12/03/2017 00:00,       25.35
13/03/2017 00:00,       24.83
14/03/2017 00:00,       24.81
15/03/2017 00:00,       25.28
16/03/2017 00:00,       25.16
17/03/2017 00:00,       23.98
18/03/2017 00:00,       23.83
19/03/2017 00:00,       24.50
20/03/2017 00:00,       25.33
21/03/2017 00:00,       25.46
22/03/2017 00:00,       25.06
23/03/2017 00:00,       24.84
24/03/2017 00:00,       25.30
25/03/2017 00:00,       25.76
26/03/2017 00:00,       25.80
27/03/2017 00:00,       25.46
28/03/2017 00:00,       24.61
29/03/2017 00:00,       24.41
30/03/2017 00:00,       23.56
31/03/2017 00:00,       22.33
01/04/2017 00:00,       21.69
02/04/2017 00:00,       21.00
03/04/2017 00:00,       20.55
04/04/2017 00:00,       20.52
05/04/2017 00:00,       20.50
06/04/2017 00:00,       20.44
07/04/2017 00:00,       20.52
08/04/2017 00:00,       20.59
09/04/2017 00:00,       20.25
10/04/2017 00:00,       19.25
11/04/2017 00:00,       18.89
12/04/2017 00:00,       19.09
13/04/2017 00:00,       19.50
14/04/2017 00:00,       19.55
15/04/2017 00:00,       19.57
16/04/2017 00:00,       19.51
17/04/2017 00:00,       19.38
18/04/2017 00:00,       19.17
19/04/2017 00:00,       19.06
20/04/2017 00:00,       19.46
21/04/2017 00:00,       19.85
22/04/2017 00:00,       20.22
23/04/2017 00:00,       20.50
24/04/2017 00:00,       20.55
25/04/2017 00:00,       20.58
26/04/2017 00:00,       19.93
27/04/2017 00:00,       18.54
28/04/2017 00:00,       18.03
29/04/2017 00:00,       18.17
30/04/2017 00:00,       18.31
01/05/2017 00:00,       18.43
02/05/2017 00:00,       18.25
03/05/2017 00:00,       17.67
04/05/2017 00:00,       17.20
05/05/2017 00:00,       16.84
06/05/2017 00:00,       16.86
07/05/2017 00:00,       16.66
08/05/2017 00:00,       16.10
09/05/2017 00:00,       15.88
10/05/2017 00:00,       15.73
11/05/2017 00:00,       15.60
12/05/2017 00:00,       15.58
13/05/2017 00:00,       15.36
14/05/2017 00:00,       15.11
15/05/2017 00:00,       15.09
16/05/2017 00:00,       15.01
17/05/2017 00:00,       14.89
18/05/2017 00:00,       14.74
19/05/2017 00:00,       14.70
20/05/2017 00:00,       14.69
21/05/2017 00:00,       14.86
22/05/2017 00:00,       15.01
23/05/2017 00:00,       15.31
24/05/2017 00:00,       15.34
25/05/2017 00:00,       15.26
26/05/2017 00:00,       15.19
27/05/2017 00:00,       15.15
28/05/2017 00:00,       14.92
29/05/2017 00:00,       14.67
30/05/2017 00:00,       14.67
31/05/2017 00:00,       14.20
01/06/2017 00:00,       13.60
02/06/2017 00:00,       13.24
03/06/2017 00:00,       12.97
04/06/2017 00:00,       12.67
05/06/2017 00:00,       12.50
06/06/2017 00:00,       12.65
07/06/2017 00:00,       12.67
08/06/2017 00:00,       12.27
09/06/2017 00:00,       12.12
10/06/2017 00:00,       12.14
11/06/2017 00:00,       12.10
12/06/2017 00:00,       12.05
13/06/2017 00:00,       12.08
14/06/2017 00:00,       12.21
15/06/2017 00:00,       12.33
16/06/2017 00:00,       12.47
17/06/2017 00:00,       12.52
18/06/2017 00:00,       12.46
19/06/2017 00:00,       12.31
20/06/2017 00:00,       12.24
21/06/2017 00:00,       12.14
22/06/2017 00:00,       12.08
23/06/2017 00:00,       12.02
24/06/2017 00:00,       12.03
25/06/2017 00:00,       12.16
26/06/2017 00:00,       12.00
27/06/2017 00:00,       12.04
28/06/2017 00:00,       11.90
29/06/2017 00:00,       11.90
30/06/2017 00:00,       11.93
01/07/2017 00:00,       11.63
02/07/2017 00:00,       11.25
03/07/2017 00:00,       11.22
04/07/2017 00:00,       11.55
05/07/2017 00:00,       11.82
06/07/2017 00:00,       11.63
07/07/2017 00:00,       11.51
08/07/2017 00:00,       11.40
09/07/2017 00:00,       11.33
10/07/2017 00:00,       11.32
11/07/2017 00:00,       11.36
12/07/2017 00:00,       11.46
13/07/2017 00:00,       11.45
14/07/2017 00:00,       11.36
15/07/2017 00:00,       11.33
16/07/2017 00:00,       11.16
17/07/2017 00:00,       11.20
18/07/2017 00:00,       11.21
19/07/2017 00:00,       11.11
20/07/2017 00:00,       11.12
21/07/2017 00:00,       11.08
22/07/2017 00:00,       10.99
23/07/2017 00:00,       11.09
24/07/2017 00:00,       11.17
25/07/2017 00:00,       11.30
26/07/2017 00:00,       11.51
27/07/2017 00:00,       11.61
28/07/2017 00:00,       11.73
29/07/2017 00:00,       11.78
30/07/2017 00:00,       12.03
31/07/2017 00:00,       12.10
01/08/2017 00:00,       11.98
02/08/2017 00:00,       11.92
03/08/2017 00:00,       11.87
04/08/2017 00:00,       11.61
05/08/2017 00:00,       11.55
06/08/2017 00:00,       11.56
07/08/2017 00:00,       11.60
08/08/2017 00:00,       11.62
09/08/2017 00:00,       11.79
10/08/2017 00:00,       11.82
11/08/2017 00:00,       11.80
12/08/2017 00:00,       12.02
13/08/2017 00:00,       12.18
14/08/2017 00:00,       12.51
15/08/2017 00:00,       12.69
16/08/2017 00:00,       12.92
17/08/2017 00:00,       12.88
18/08/2017 00:00,       12.78
19/08/2017 00:00,       12.60
20/08/2017 00:00,       12.53
21/08/2017 00:00,       12.54
22/08/2017 00:00,       12.76
23/08/2017 00:00,       12.83
24/08/2017 00:00,       12.83
25/08/2017 00:00,       12.84
26/08/2017 00:00,       12.80
27/08/2017 00:00,       12.87
28/08/2017 00:00,       12.73
29/08/2017 00:00,       12.84
30/08/2017 00:00,       12.92
31/08/2017 00:00,       13.06
01/09/2017 00:00,       13.30
02/09/2017 00:00,       13.62
03/09/2017 00:00,       13.67
04/09/2017 00:00,       13.60
05/09/2017 00:00,       13.42
06/09/2017 00:00,       13.38
07/09/2017 00:00,       13.47
08/09/2017 00:00,       13.61
09/09/2017 00:00,       13.54
10/09/2017 00:00,       13.59
11/09/2017 00:00,       14.21
12/09/2017 00:00,       15.01
13/09/2017 00:00,       15.19
14/09/2017 00:00,       14.68
15/09/2017 00:00,       14.71
16/09/2017 00:00,       15.22
17/09/2017 00:00,       15.39
18/09/2017 00:00,       15.13
19/09/2017 00:00,       14.74
20/09/2017 00:00,       15.08
21/09/2017 00:00,       15.47
22/09/2017 00:00,       16.24
23/09/2017 00:00,       16.90
24/09/2017 00:00,       17.24
25/09/2017 00:00,       17.27
26/09/2017 00:00,       17.18
27/09/2017 00:00,       17.74
28/09/2017 00:00,       17.85
29/09/2017 00:00,       17.78
30/09/2017 00:00,       17.60
01/10/2017 00:00,       17.76
02/10/2017 00:00,       18.13
03/10/2017 00:00,       18.43
04/10/2017 00:00,       18.88
05/10/2017 00:00,       19.12
06/10/2017 00:00,       18.44
07/10/2017 00:00,       18.35
08/10/2017 00:00,       18.98
09/10/2017 00:00,       19.69
10/10/2017 00:00,       19.67
11/10/2017 00:00,       19.51
12/10/2017 00:00,       19.46
13/10/2017 00:00,       19.59
14/10/2017 00:00,       19.58
15/10/2017 00:00,       20.02
16/10/2017 00:00,       20.73
17/10/2017 00:00,       21.47
18/10/2017 00:00,       22.16
19/10/2017 00:00,       22.74
20/10/2017 00:00,       21.82
21/10/2017 00:00,       21.15
22/10/2017 00:00,       20.75
23/10/2017 00:00,       21.15
24/10/2017 00:00,       21.64
25/10/2017 00:00,       21.75
26/10/2017 00:00,       22.11
27/10/2017 00:00,       21.96
28/10/2017 00:00,       22.20
29/10/2017 00:00,       22.07
30/10/2017 00:00,       21.46
31/10/2017 00:00,       20.65
01/11/2017 00:00,       21.14
02/11/2017 00:00,       21.61
03/11/2017 00:00,       21.16
04/11/2017 00:00,       20.30
05/11/2017 00:00,       20.48
06/11/2017 00:00,       20.52
07/11/2017 00:00,       20.20
08/11/2017 00:00,       20.44
09/11/2017 00:00,       20.97
10/11/2017 00:00,       21.64
11/11/2017 00:00,       22.36
12/11/2017 00:00,       22.79
13/11/2017 00:00,       23.39
14/11/2017 00:00,       23.97
15/11/2017 00:00,       23.74
16/11/2017 00:00,       22.87
17/11/2017 00:00,       22.33
18/11/2017 00:00,       22.37
19/11/2017 00:00,       23.08
20/11/2017 00:00,       23.75
21/11/2017 00:00,       24.15
22/11/2017 00:00,       24.68
23/11/2017 00:00,       24.85
24/11/2017 00:00,       24.73
25/11/2017 00:00,       25.44
26/11/2017 00:00,       25.33
27/11/2017 00:00,       25.01
28/11/2017 00:00,       25.80
29/11/2017 00:00,       26.74
30/11/2017 00:00,       27.13
01/12/2017 00:00,       26.66
02/12/2017 00:00,       25.47
03/12/2017 00:00,       24.19
04/12/2017 00:00,       23.27
05/12/2017 00:00,       22.93
06/12/2017 00:00,       23.20
07/12/2017 00:00,       23.02
08/12/2017 00:00,       22.79
09/12/2017 00:00,       22.86
10/12/2017 00:00,       23.17
11/12/2017 00:00,       23.91
12/12/2017 00:00,       24.82
13/12/2017 00:00,       25.54
14/12/2017 00:00,       25.58
15/12/2017 00:00,       25.36
16/12/2017 00:00,       25.76
17/12/2017 00:00,       26.21
18/12/2017 00:00,       26.71
19/12/2017 00:00,       26.89
20/12/2017 00:00,       26.55
21/12/2017 00:00,       26.12
22/12/2017 00:00,       26.49
23/12/2017 00:00,       26.78
24/12/2017 00:00,       26.75
25/12/2017 00:00,       26.37
26/12/2017 00:00,       26.47
27/12/2017 00:00,       26.84
28/12/2017 00:00,       26.98
29/12/2017 00:00,       26.60
30/12/2017 00:00,       26.30
31/12/2017 00:00,       26.44
01/01/2018 00:00,       26.43
02/01/2018 00:00,       25.92
03/01/2018 00:00,       25.31
04/01/2018 00:00,       25.68
05/01/2018 00:00,       26.35
06/01/2018 00:00,       26.86
07/01/2018 00:00,       26.94
08/01/2018 00:00,       26.84
09/01/2018 00:00,       26.42
10/01/2018 00:00,       26.13
11/01/2018 00:00,       26.32
12/01/2018 00:00,       26.86
13/01/2018 00:00,       25.79
14/01/2018 00:00,       24.64
15/01/2018 00:00,       24.63
16/01/2018 00:00,       25.35
17/01/2018 00:00,       26.19
18/01/2018 00:00,       26.96
19/01/2018 00:00,       27.54
20/01/2018 00:00,       28.18
21/01/2018 00:00,       28.42
22/01/2018 00:00,       28.39
23/01/2018 00:00,       27.54
24/01/2018 00:00,       27.53
25/01/2018 00:00,       27.98
26/01/2018 00:00,       27.85
27/01/2018 00:00,       28.12
28/01/2018 00:00,       28.93
29/01/2018 00:00,       28.92
30/01/2018 00:00,       27.55
31/01/2018 00:00,       25.51
01/02/2018 00:00,       24.74
02/02/2018 00:00,       24.87
03/02/2018 00:00,       25.60
04/02/2018 00:00,       26.02
05/02/2018 00:00,       26.02
06/02/2018 00:00,       26.18
07/02/2018 00:00,       26.67
08/02/2018 00:00,       27.38
09/02/2018 00:00,       27.85
10/02/2018 00:00,       28.14
11/02/2018 00:00,       27.29
12/02/2018 00:00,       26.42
13/02/2018 00:00,       26.14
14/02/2018 00:00,       26.31
15/02/2018 00:00,       25.66
16/02/2018 00:00,       25.32
17/02/2018 00:00,       25.39
18/02/2018 00:00,       25.69
19/02/2018 00:00,       25.76
20/02/2018 00:00,       26.05
21/02/2018 00:00,       26.34
22/02/2018 00:00,       26.25
23/02/2018 00:00,       26.66
24/02/2018 00:00,       26.72
25/02/2018 00:00,       25.59
26/02/2018 00:00,       25.14
27/02/2018 00:00,       25.67
28/02/2018 00:00,       26.10
01/03/2018 00:00,       25.45
02/03/2018 00:00,       25.21
03/03/2018 00:00,       25.26
04/03/2018 00:00,       25.08
05/03/2018 00:00,       24.34
06/03/2018 00:00,       23.83
07/03/2018 00:00,       24.13
08/03/2018 00:00,       24.80
09/03/2018 00:00,       24.94
10/03/2018 00:00,       25.21
11/03/2018 00:00,       25.35
12/03/2018 00:00,       24.65
13/03/2018 00:00,       23.77
14/03/2018 00:00,       23.67
15/03/2018 00:00,       23.78
16/03/2018 00:00,       23.55
17/03/2018 00:00,       23.32
18/03/2018 00:00,       23.08
19/03/2018 00:00,       22.56
20/03/2018 00:00,       22.38
21/03/2018 00:00,       21.87
22/03/2018 00:00,       22.35
23/03/2018 00:00,       22.86
24/03/2018 00:00,       23.36
25/03/2018 00:00,       22.97
26/03/2018 00:00,       21.86
27/03/2018 00:00,       21.65
28/03/2018 00:00,       21.93
29/03/2018 00:00,       22.20
30/03/2018 00:00,       22.08
31/03/2018 00:00,       21.98
01/04/2018 00:00,       22.13
02/04/2018 00:00,       21.98
03/04/2018 00:00,       21.42
04/04/2018 00:00,       21.25
05/04/2018 00:00,       21.33
06/04/2018 00:00,       21.21
07/04/2018 00:00,       21.31
08/04/2018 00:00,       21.42
09/04/2018 00:00,       21.68
10/04/2018 00:00,       22.20
11/04/2018 00:00,       22.36
12/04/2018 00:00,       22.36
13/04/2018 00:00,       22.04
14/04/2018 00:00,       21.07
15/04/2018 00:00,       20.19
16/04/2018 00:00,       20.47
17/04/2018 00:00,       20.58
18/04/2018 00:00,       20.14
19/04/2018 00:00,       20.05
20/04/2018 00:00,       20.33
21/04/2018 00:00,       20.44
22/04/2018 00:00,       20.47
23/04/2018 00:00,       20.50
24/04/2018 00:00,       20.40
25/04/2018 00:00,       20.11
26/04/2018 00:00,       20.01
27/04/2018 00:00,       19.82
28/04/2018 00:00,       19.53
29/04/2018 00:00,       19.29
30/04/2018 00:00,       19.08
01/05/2018 00:00,       18.73
02/05/2018 00:00,       18.51
03/05/2018 00:00,       18.22
04/05/2018 00:00,       17.70
05/05/2018 00:00,       17.48
06/05/2018 00:00,       17.41
07/05/2018 00:00,       17.21
08/05/2018 00:00,       17.14
09/05/2018 00:00,       16.93
10/05/2018 00:00,       16.50
11/05/2018 00:00,       15.76
12/05/2018 00:00,       14.93
13/05/2018 00:00,       14.83
14/05/2018 00:00,       14.96
15/05/2018 00:00,       14.91
16/05/2018 00:00,       14.90
17/05/2018 00:00,       14.56
18/05/2018 00:00,       14.48
19/05/2018 00:00,       14.75
20/05/2018 00:00,       14.73
21/05/2018 00:00,       14.54
22/05/2018 00:00,       14.47
23/05/2018 00:00,       14.61
24/05/2018 00:00,       14.65
25/05/2018 00:00,       14.51
26/05/2018 00:00,       14.27
27/05/2018 00:00,       14.35
28/05/2018 00:00,       14.67
29/05/2018 00:00,       14.87
30/05/2018 00:00,       14.47
31/05/2018 00:00,       13.93
01/06/2018 00:00,       13.55
02/06/2018 00:00,       13.28
03/06/2018 00:00,       13.06
04/06/2018 00:00,       12.99
05/06/2018 00:00,       13.14
06/06/2018 00:00,       13.07
07/06/2018 00:00,       12.93
08/06/2018 00:00,       12.87
09/06/2018 00:00,       12.90
10/06/2018 00:00,       13.09
11/06/2018 00:00,       13.28
12/06/2018 00:00,       13.37
13/06/2018 00:00,       13.17
14/06/2018 00:00,       12.91
15/06/2018 00:00,       12.83
16/06/2018 00:00,       12.74
17/06/2018 00:00,       12.35
18/06/2018 00:00,       11.93
19/06/2018 00:00,       11.56
20/06/2018 00:00,       11.25
21/06/2018 00:00,       11.06
22/06/2018 00:00,       10.91
23/06/2018 00:00,       10.77
24/06/2018 00:00,       10.66
25/06/2018 00:00,       10.54
26/06/2018 00:00,       10.22
27/06/2018 00:00,       10.21
28/06/2018 00:00,       10.24
29/06/2018 00:00,       10.13
30/06/2018 00:00,       10.20
01/07/2018 00:00,       10.19
02/07/2018 00:00,       10.02
03/07/2018 00:00,        9.99
04/07/2018 00:00,       10.10
05/07/2018 00:00,       10.47
06/07/2018 00:00,       10.93
07/07/2018 00:00,       10.85
08/07/2018 00:00,       10.71
09/07/2018 00:00,       10.99
10/07/2018 00:00,       11.04
11/07/2018 00:00,       10.65
12/07/2018 00:00,       10.69
13/07/2018 00:00,       10.69
14/07/2018 00:00,       10.54
15/07/2018 00:00,       10.33
16/07/2018 00:00,       10.48
17/07/2018 00:00,       10.53
18/07/2018 00:00,       10.48
19/07/2018 00:00,       10.59
20/07/2018 00:00,       10.71
21/07/2018 00:00,       10.60
22/07/2018 00:00,       10.62
23/07/2018 00:00,       10.57
24/07/2018 00:00,       10.56
25/07/2018 00:00,       11.10
26/07/2018 00:00,       11.25
27/07/2018 00:00,       11.43
28/07/2018 00:00,       11.71
29/07/2018 00:00,       11.81
30/07/2018 00:00,       11.71
31/07/2018 00:00,       11.79
01/08/2018 00:00,       11.99
02/08/2018 00:00,       12.03
03/08/2018 00:00,       12.04
04/08/2018 00:00,       11.81
05/08/2018 00:00,       11.82
06/08/2018 00:00,       11.71
07/08/2018 00:00,       11.54
08/08/2018 00:00,       11.66
09/08/2018 00:00,       11.83
10/08/2018 00:00,       11.98
11/08/2018 00:00,       12.08
12/08/2018 00:00,       11.70
13/08/2018 00:00,       11.73
14/08/2018 00:00,       11.83
15/08/2018 00:00,       12.00
16/08/2018 00:00,       12.09
17/08/2018 00:00,       12.15
18/08/2018 00:00,       12.23
19/08/2018 00:00,       12.17
20/08/2018 00:00,       11.91
21/08/2018 00:00,       11.82
22/08/2018 00:00,       11.96
23/08/2018 00:00,       12.11
24/08/2018 00:00,       12.23
25/08/2018 00:00,       12.42
26/08/2018 00:00,       12.55
27/08/2018 00:00,       12.63
28/08/2018 00:00,       12.81
29/08/2018 00:00,       12.92
30/08/2018 00:00,       12.94
31/08/2018 00:00,       12.78
01/09/2018 00:00,       12.93
02/09/2018 00:00,       13.25
03/09/2018 00:00,       13.29
04/09/2018 00:00,       13.27
05/09/2018 00:00,       13.54
06/09/2018 00:00,       14.13
07/09/2018 00:00,       14.26
08/09/2018 00:00,       14.23
09/09/2018 00:00,       14.44
10/09/2018 00:00,       14.92
11/09/2018 00:00,       15.26
12/09/2018 00:00,       15.45
13/09/2018 00:00,       15.51
14/09/2018 00:00,       15.60
15/09/2018 00:00,       15.71
16/09/2018 00:00,       15.41
17/09/2018 00:00,       15.08
18/09/2018 00:00,       14.94
19/09/2018 00:00,       14.82
20/09/2018 00:00,       15.12
21/09/2018 00:00,       15.76
22/09/2018 00:00,       16.31
23/09/2018 00:00,       16.28
24/09/2018 00:00,       16.26
25/09/2018 00:00,       16.10
26/09/2018 00:00,       16.18
27/09/2018 00:00,       16.74
28/09/2018 00:00,       16.60
29/09/2018 00:00,       16.62
30/09/2018 00:00,       16.50
01/10/2018 00:00,       16.80
02/10/2018 00:00,       17.26
03/10/2018 00:00,       17.89
04/10/2018 00:00,       17.94
05/10/2018 00:00,       17.91
06/10/2018 00:00,       17.84
07/10/2018 00:00,       18.37
08/10/2018 00:00,       18.56
09/10/2018 00:00,       18.63
10/10/2018 00:00,       18.50
11/10/2018 00:00,       18.58
12/10/2018 00:00,       18.94
13/10/2018 00:00,       19.54
14/10/2018 00:00,       19.75
15/10/2018 00:00,       19.81
16/10/2018 00:00,       19.96
17/10/2018 00:00,       19.62
18/10/2018 00:00,       19.71
19/10/2018 00:00,       19.82
20/10/2018 00:00,       19.66
21/10/2018 00:00,       19.69
22/10/2018 00:00,       20.08
23/10/2018 00:00,       20.22
24/10/2018 00:00,       19.81
25/10/2018 00:00,       20.02
26/10/2018 00:00,       20.15
27/10/2018 00:00,       20.08
28/10/2018 00:00,       20.00
29/10/2018 00:00,       20.06
30/10/2018 00:00,       20.59
31/10/2018 00:00,       21.35
01/11/2018 00:00,       21.88
02/11/2018 00:00,       22.27
03/11/2018 00:00,       22.44
04/11/2018 00:00,       22.74
05/11/2018 00:00,       23.15
06/11/2018 00:00,       23.13
07/11/2018 00:00,       22.47
08/11/2018 00:00,       21.72
09/11/2018 00:00,       21.59
10/11/2018 00:00,       21.94
11/11/2018 00:00,       22.38
12/11/2018 00:00,       22.66
13/11/2018 00:00,       22.70
14/11/2018 00:00,       22.70
15/11/2018 00:00,       22.56
16/11/2018 00:00,       22.52
17/11/2018 00:00,       22.34
18/11/2018 00:00,       22.59
19/11/2018 00:00,       23.30
20/11/2018 00:00,       23.45
21/11/2018 00:00,       22.47
22/11/2018 00:00,       20.78
23/11/2018 00:00,       19.74
24/11/2018 00:00,       19.77
25/11/2018 00:00,       20.21
26/11/2018 00:00,       20.89
27/11/2018 00:00,       20.85
28/11/2018 00:00,       20.42
29/11/2018 00:00,       20.63
30/11/2018 00:00,       21.31
01/12/2018 00:00,       21.93
02/12/2018 00:00,       21.87
03/12/2018 00:00,       21.96
04/12/2018 00:00,       22.45
05/12/2018 00:00,       23.17
06/12/2018 00:00,       24.00
07/12/2018 00:00,       24.49
08/12/2018 00:00,       24.42
09/12/2018 00:00,       24.41
10/12/2018 00:00,       24.70
11/12/2018 00:00,       25.09
12/12/2018 00:00,       25.76
13/12/2018 00:00,       25.08
14/12/2018 00:00,       22.82
15/12/2018 00:00,       22.49
16/12/2018 00:00,       23.41
17/12/2018 00:00,       23.69
18/12/2018 00:00,       24.63
19/12/2018 00:00,       25.01
20/12/2018 00:00,       25.20
21/12/2018 00:00,       24.59
22/12/2018 00:00,       24.12
23/12/2018 00:00,       24.45
24/12/2018 00:00,       25.16
25/12/2018 00:00,       25.45
26/12/2018 00:00,       25.63
27/12/2018 00:00,       26.17
28/12/2018 00:00,       26.60
29/12/2018 00:00,       26.76
30/12/2018 00:00,       26.48
31/12/2018 00:00,       26.18
01/01/2019 00:00,       25.81
02/01/2019 00:00,       25.79
03/01/2019 00:00,       26.40
04/01/2019 00:00,       27.11
05/01/2019 00:00,       26.13
06/01/2019 00:00,       25.25
07/01/2019 00:00,       25.41
08/01/2019 00:00,       25.70
09/01/2019 00:00,       25.26
10/01/2019 00:00,       24.63
11/01/2019 00:00,       25.00
12/01/2019 00:00,       25.86
13/01/2019 00:00,       25.74
14/01/2019 00:00,       26.14
15/01/2019 00:00,       26.88
16/01/2019 00:00,       27.32
17/01/2019 00:00,       27.66
18/01/2019 00:00,       27.65
19/01/2019 00:00,       26.66
20/01/2019 00:00,       26.39
21/01/2019 00:00,       27.18
22/01/2019 00:00,       27.92
23/01/2019 00:00,       28.20
24/01/2019 00:00,       28.45
25/01/2019 00:00,       28.91
26/01/2019 00:00,       28.42
27/01/2019 00:00,       27.45
28/01/2019 00:00,       27.02
29/01/2019 00:00,       27.74
30/01/2019 00:00,       27.77
31/01/2019 00:00,       26.84
01/02/2019 00:00,       25.60
02/02/2019 00:00,       25.58
03/02/2019 00:00,       26.31
04/02/2019 00:00,       26.37
05/02/2019 00:00,       26.05
06/02/2019 00:00,       25.94
07/02/2019 00:00,       26.12
08/02/2019 00:00,       26.13
09/02/2019 00:00,       25.29
10/02/2019 00:00,       24.76
11/02/2019 00:00,       24.99
12/02/2019 00:00,       24.87
13/02/2019 00:00,       23.67
14/02/2019 00:00,       23.23
15/02/2019 00:00,       23.59
16/02/2019 00:00,       24.01
17/02/2019 00:00,       24.34
18/02/2019 00:00,       24.51
19/02/2019 00:00,       23.77
20/02/2019 00:00,       23.70
21/02/2019 00:00,       23.85
22/02/2019 00:00,       24.00
23/02/2019 00:00,       24.07
24/02/2019 00:00,       24.26
25/02/2019 00:00,       24.52
26/02/2019 00:00,       24.84
27/02/2019 00:00,       25.21
28/02/2019 00:00,       25.84
01/03/2019 00:00,       26.30
02/03/2019 00:00,       26.60
03/03/2019 00:00,       26.85
04/03/2019 00:00,       26.35
05/03/2019 00:00,       25.83
06/03/2019 00:00,       25.28
07/03/2019 00:00,       24.21
08/03/2019 00:00,       24.21
09/03/2019 00:00,       24.38
10/03/2019 00:00,       24.18
11/03/2019 00:00,       23.90
12/03/2019 00:00,       23.63
13/03/2019 00:00,       23.03
14/03/2019 00:00,       23.04
15/03/2019 00:00,       23.06
16/03/2019 00:00,       23.01
17/03/2019 00:00,       23.18
18/03/2019 00:00,       23.41
19/03/2019 00:00,       23.52
20/03/2019 00:00,       23.81
21/03/2019 00:00,       24.19
22/03/2019 00:00,       24.52
23/03/2019 00:00,       25.06
24/03/2019 00:00,       24.69
25/03/2019 00:00,       23.75
26/03/2019 00:00,       22.98
27/03/2019 00:00,       22.69
28/03/2019 00:00,       22.67
29/03/2019 00:00,       22.20
30/03/2019 00:00,       20.63
31/03/2019 00:00,       19.91
01/04/2019 00:00,       19.75
02/04/2019 00:00,       19.94
03/04/2019 00:00,       20.33
04/04/2019 00:00,       20.40
05/04/2019 00:00,       20.41
06/04/2019 00:00,       20.56
07/04/2019 00:00,       20.53
08/04/2019 00:00,       20.63
09/04/2019 00:00,       20.45
10/04/2019 00:00,       19.81
11/04/2019 00:00,       19.49
12/04/2019 00:00,       19.30
13/04/2019 00:00,       19.04
14/04/2019 00:00,       18.89
15/04/2019 00:00,       18.86
16/04/2019 00:00,       19.11
17/04/2019 00:00,       19.45
18/04/2019 00:00,       19.36
19/04/2019 00:00,       19.14
20/04/2019 00:00,       19.45
21/04/2019 00:00,       19.71
22/04/2019 00:00,       19.31
23/04/2019 00:00,       18.79
24/04/2019 00:00,       18.81
25/04/2019 00:00,       18.77
26/04/2019 00:00,       18.50
27/04/2019 00:00,       17.92
28/04/2019 00:00,       17.61
29/04/2019 00:00,       17.57
30/04/2019 00:00,       17.37
01/05/2019 00:00,       17.21
02/05/2019 00:00,       17.17
03/05/2019 00:00,       16.86
04/05/2019 00:00,       16.39
05/05/2019 00:00,       16.37
06/05/2019 00:00,       16.14
07/05/2019 00:00,       15.85
08/05/2019 00:00,       15.64
09/05/2019 00:00,       15.53
10/05/2019 00:00,       15.18
11/05/2019 00:00,       14.64
12/05/2019 00:00,       14.77
13/05/2019 00:00,       14.91
14/05/2019 00:00,       14.84
15/05/2019 00:00,       14.87
16/05/2019 00:00,       14.82
17/05/2019 00:00,       14.73
18/05/2019 00:00,       14.71
19/05/2019 00:00,       15.09
20/05/2019 00:00,       15.85
21/05/2019 00:00,       15.86
22/05/2019 00:00,       15.65
23/05/2019 00:00,       15.54
24/05/2019 00:00,       15.79
25/05/2019 00:00,       16.02
26/05/2019 00:00,       15.84
27/05/2019 00:00,       15.34
28/05/2019 00:00,       14.84
29/05/2019 00:00,       14.54
30/05/2019 00:00,       13.96
31/05/2019 00:00,       13.56
01/06/2019 00:00,       13.73
02/06/2019 00:00,       13.69
03/06/2019 00:00,       13.39
04/06/2019 00:00,       12.68
05/06/2019 00:00,       12.03
06/06/2019 00:00,       11.87
07/06/2019 00:00,       12.01
08/06/2019 00:00,       12.10
09/06/2019 00:00,       12.05
10/06/2019 00:00,       12.18
11/06/2019 00:00,       12.33
12/06/2019 00:00,       12.46
13/06/2019 00:00,       12.66
14/06/2019 00:00,       12.63
15/06/2019 00:00,       12.55
16/06/2019 00:00,       12.52
17/06/2019 00:00,       12.55
18/06/2019 00:00,       12.45
19/06/2019 00:00,       12.14
20/06/2019 00:00,       11.95
21/06/2019 00:00,       11.87
22/06/2019 00:00,       11.43
23/06/2019 00:00,       11.12
24/06/2019 00:00,       10.89
25/06/2019 00:00,       10.81
26/06/2019 00:00,       11.11
27/06/2019 00:00,       11.21
28/06/2019 00:00,       11.49
29/06/2019 00:00,       11.91
30/06/2019 00:00,       11.80
01/07/2019 00:00,       11.17
02/07/2019 00:00,       10.85
03/07/2019 00:00,       11.06
04/07/2019 00:00,       11.43
05/07/2019 00:00,       11.60
06/07/2019 00:00,       11.75
07/07/2019 00:00,       12.06
08/07/2019 00:00,       12.06
09/07/2019 00:00,       12.01
10/07/2019 00:00,       11.96
11/07/2019 00:00,       11.96
12/07/2019 00:00,       12.06
13/07/2019 00:00,       12.03
14/07/2019 00:00,       11.63
15/07/2019 00:00,       11.56
16/07/2019 00:00,       11.90
17/07/2019 00:00,       12.16
18/07/2019 00:00,       12.20
19/07/2019 00:00,       12.06
20/07/2019 00:00,       11.87
21/07/2019 00:00,       11.87
22/07/2019 00:00,       11.83
23/07/2019 00:00,       11.88
24/07/2019 00:00,       12.19
25/07/2019 00:00,       12.43
26/07/2019 00:00,       12.55
27/07/2019 00:00,       12.60
28/07/2019 00:00,       12.68
29/07/2019 00:00,       12.87
30/07/2019 00:00,       12.74
31/07/2019 00:00,       12.50
01/08/2019 00:00,       12.32
02/08/2019 00:00,       12.14
03/08/2019 00:00,       12.24
04/08/2019 00:00,       12.33
05/08/2019 00:00,       12.15
06/08/2019 00:00,       12.08
07/08/2019 00:00,       12.18
08/08/2019 00:00,       12.25
09/08/2019 00:00,       12.08
10/08/2019 00:00,       11.65
11/08/2019 00:00,       11.60
12/08/2019 00:00,       11.72
13/08/2019 00:00,       11.80
14/08/2019 00:00,       11.96
15/08/2019 00:00,       11.86
16/08/2019 00:00,       12.14
17/08/2019 00:00,       12.34
18/08/2019 00:00,       12.58
19/08/2019 00:00,       12.55
20/08/2019 00:00,       12.20
21/08/2019 00:00,       12.35
22/08/2019 00:00,       12.81
23/08/2019 00:00,       13.24
24/08/2019 00:00,       13.35
25/08/2019 00:00,       13.28
26/08/2019 00:00,       13.34
27/08/2019 00:00,       13.15
28/08/2019 00:00,       12.88
29/08/2019 00:00,       12.69
30/08/2019 00:00,       12.86
31/08/2019 00:00,       13.16
01/09/2019 00:00,       13.71
02/09/2019 00:00,       13.92
03/09/2019 00:00,       14.40
04/09/2019 00:00,       14.85
05/09/2019 00:00,       15.58
06/09/2019 00:00,       15.22
07/09/2019 00:00,       14.55
08/09/2019 00:00,       14.22
09/09/2019 00:00,       14.26
10/09/2019 00:00,       14.48
11/09/2019 00:00,       14.79
12/09/2019 00:00,       15.16
13/09/2019 00:00,       15.69
14/09/2019 00:00,       16.16
15/09/2019 00:00,       16.51
16/09/2019 00:00,       16.33
17/09/2019 00:00,       15.49
18/09/2019 00:00,       15.44
19/09/2019 00:00,       15.88
20/09/2019 00:00,       16.19
21/09/2019 00:00,       16.36
22/09/2019 00:00,       16.12
23/09/2019 00:00,       15.91
24/09/2019 00:00,       16.02
25/09/2019 00:00,       16.45
26/09/2019 00:00,       16.71
27/09/2019 00:00,       16.95
28/09/2019 00:00,       16.89
29/09/2019 00:00,       16.91
30/09/2019 00:00,       17.21
01/10/2019 00:00,       17.62
02/10/2019 00:00,       17.81
03/10/2019 00:00,       18.20
04/10/2019 00:00,       18.43
05/10/2019 00:00,       18.95
06/10/2019 00:00,       19.53
07/10/2019 00:00,       19.34
08/10/2019 00:00,       18.75
09/10/2019 00:00,       18.36
10/10/2019 00:00,""
11/10/2019 00:00,""
12/10/2019 00:00,""
13/10/2019 00:00,""
14/10/2019 00:00,""
15/10/2019 00:00,""
16/10/2019 00:00,""
17/10/2019 00:00,""
18/10/2019 00:00,""
19/10/2019 00:00,""
20/10/2019 00:00,""
21/10/2019 00:00,""
22/10/2019 00:00,""
23/10/2019 00:00,""
24/10/2019 00:00,""
25/10/2019 00:00,""
26/10/2019 00:00,       20.40
27/10/2019 00:00,       20.40
28/10/2019 00:00,       20.53
29/10/2019 00:00,       21.07
30/10/2019 00:00,       21.57
31/10/2019 00:00,       21.93
01/11/2019 00:00,       22.45
02/11/2019 00:00,       22.40
03/11/2019 00:00,       22.26
04/11/2019 00:00,       21.79
05/11/2019 00:00,       21.45
06/11/2019 00:00,       21.77
07/11/2019 00:00,       21.22
08/11/2019 00:00,       20.59
09/11/2019 00:00,       19.81
10/11/2019 00:00,       20.05
11/11/2019 00:00,       20.86
12/11/2019 00:00,       20.99
13/11/2019 00:00,       20.33
14/11/2019 00:00,       20.36
15/11/2019 00:00,       20.77
16/11/2019 00:00,""
17/11/2019 00:00,""
18/11/2019 00:00,""
19/11/2019 00:00,""
20/11/2019 00:00,""
21/11/2019 00:00,""
22/11/2019 00:00,""
23/11/2019 00:00,""
24/11/2019 00:00,""
25/11/2019 00:00,""
26/11/2019 00:00,""
27/11/2019 00:00,""
28/11/2019 00:00,""
29/11/2019 00:00,""
30/11/2019 00:00,""
01/12/2019 00:00,""
02/12/2019 00:00,""
03/12/2019 00:00,""
04/12/2019 00:00,""
05/12/2019 00:00,""
06/12/2019 00:00,""
07/12/2019 00:00,""
08/12/2019 00:00,""
09/12/2019 00:00,""
10/12/2019 00:00,""
11/12/2019 00:00,""
12/12/2019 00:00,""
13/12/2019 00:00,""
14/12/2019 00:00,""
15/12/2019 00:00,""
16/12/2019 00:00,""
17/12/2019 00:00,""
18/12/2019 00:00,""
19/12/2019 00:00,""
20/12/2019 00:00,""
21/12/2019 00:00,""
22/12/2019 00:00,""
23/12/2019 00:00,""
24/12/2019 00:00,""
25/12/2019 00:00,""
26/12/2019 00:00,""
27/12/2019 00:00,""
28/12/2019 00:00,""
29/12/2019 00:00,""
30/12/2019 00:00,""
31/12/2019 00:00,""
01/01/2020 00:00,""
02/01/2020 00:00,""
03/01/2020 00:00,""
04/01/2020 00:00,""
05/01/2020 00:00,""
06/01/2020 00:00,""
07/01/2020 00:00,""
08/01/2020 00:00,""
09/01/2020 00:00,""
10/01/2020 00:00,""
11/01/2020 00:00,""
12/01/2020 00:00,""
13/01/2020 00:00,""
14/01/2020 00:00,""
15/01/2020 00:00,""
16/01/2020 00:00,""
17/01/2020 00:00,""
18/01/2020 00:00,""
19/01/2020 00:00,""
20/01/2020 00:00,""
21/01/2020 00:00,""
22/01/2020 00:00,""
23/01/2020 00:00,       22.45
24/01/2020 00:00,       22.49
25/01/2020 00:00,       23.34
26/01/2020 00:00,       24.03
27/01/2020 00:00,       24.42
28/01/2020 00:00,       24.61
29/01/2020 00:00,       24.97
30/01/2020 00:00,       25.96
31/01/2020 00:00,       27.01
01/02/2020 00:00,       27.08
02/02/2020 00:00,       26.17
03/02/2020 00:00,       25.60
04/02/2020 00:00,       24.84
05/02/2020 00:00,       25.11
06/02/2020 00:00,       25.24
07/02/2020 00:00,       25.27
08/02/2020 00:00,       25.13
09/02/2020 00:00,       24.74
10/02/2020 00:00,       24.69
11/02/2020 00:00,       25.12
12/02/2020 00:00,       24.92
13/02/2020 00:00,       25.35
14/02/2020 00:00,       26.05
15/02/2020 00:00,       25.52
16/02/2020 00:00,       25.19
17/02/2020 00:00,       25.45
18/02/2020 00:00,       25.58
19/02/2020 00:00,       24.47
20/02/2020 00:00,       23.68
21/02/2020 00:00,       23.33
22/02/2020 00:00,       23.47
23/02/2020 00:00,       23.77
24/02/2020 00:00,       24.56
25/02/2020 00:00,       25.29
26/02/2020 00:00,       24.83
27/02/2020 00:00,       23.73
28/02/2020 00:00,       23.42
29/02/2020 00:00,       23.84
01/03/2020 00:00,       24.39
02/03/2020 00:00,       24.15
03/03/2020 00:00,       23.18
04/03/2020 00:00,       22.59
05/03/2020 00:00,       22.29
06/03/2020 00:00,       22.26
07/03/2020 00:00,       22.18
08/03/2020 00:00,       22.39
09/03/2020 00:00,       22.46
10/03/2020 00:00,       22.77
11/03/2020 00:00,       23.35
12/03/2020 00:00,       23.80
13/03/2020 00:00,       24.04
14/03/2020 00:00,       22.93
15/03/2020 00:00,       21.93
16/03/2020 00:00,       22.06
17/03/2020 00:00,       22.75
18/03/2020 00:00,       23.40
19/03/2020 00:00,       23.87
20/03/2020 00:00,       23.77
21/03/2020 00:00,       23.09
22/03/2020 00:00,       22.62
23/03/2020 00:00,       22.04
24/03/2020 00:00,       21.51
25/03/2020 00:00,       21.30
26/03/2020 00:00,       21.24
27/03/2020 00:00,       21.25
28/03/2020 00:00,       21.55
29/03/2020 00:00,       21.79
30/03/2020 00:00,       21.40
31/03/2020 00:00,       21.29
01/04/2020 00:00,       20.79
02/04/2020 00:00,       20.31
03/04/2020 00:00,       20.71
04/04/2020 00:00,       20.54
05/04/2020 00:00,       19.84
06/04/2020 00:00,       19.53
07/04/2020 00:00,       19.43
08/04/2020 00:00,       19.39
09/04/2020 00:00,       19.29
10/04/2020 00:00,       19.41
11/04/2020 00:00,       19.36
12/04/2020 00:00,       18.78
13/04/2020 00:00,       18.55
14/04/2020 00:00,       18.67
15/04/2020 00:00,       18.82
16/04/2020 00:00,       19.24
17/04/2020 00:00,       19.15
18/04/2020 00:00,       18.78
19/04/2020 00:00,       18.56
20/04/2020 00:00,       18.39
21/04/2020 00:00,       18.55
22/04/2020 00:00,       18.69
23/04/2020 00:00,       18.59
24/04/2020 00:00,       18.55
25/04/2020 00:00,       18.57
26/04/2020 00:00,       18.89
27/04/2020 00:00,       18.91
28/04/2020 00:00,       18.30
29/04/2020 00:00,       17.85
30/04/2020 00:00,       17.30
01/05/2020 00:00,       16.70
02/05/2020 00:00,       16.38
03/05/2020 00:00,       16.43
04/05/2020 00:00,       16.26
05/05/2020 00:00,       16.01
06/05/2020 00:00,       15.79
07/05/2020 00:00,       15.67
08/05/2020 00:00,       15.80
09/05/2020 00:00,       15.62
10/05/2020 00:00,       15.28
11/05/2020 00:00,       14.97
12/05/2020 00:00,       14.74
13/05/2020 00:00,       14.72
14/05/2020 00:00,       14.55
15/05/2020 00:00,       14.37
16/05/2020 00:00,       14.00
17/05/2020 00:00,       13.82
18/05/2020 00:00,       13.91
19/05/2020 00:00,       14.19
20/05/2020 00:00,       14.32
21/05/2020 00:00,       14.03
22/05/2020 00:00,       13.75
23/05/2020 00:00,       13.92
24/05/2020 00:00,       13.92
25/05/2020 00:00,       13.57
26/05/2020 00:00,       13.39
27/05/2020 00:00,       13.38
28/05/2020 00:00,       13.49
29/05/2020 00:00,       13.47
30/05/2020 00:00,       13.31
31/05/2020 00:00,       13.28
01/06/2020 00:00,       13.03
02/06/2020 00:00,       12.77
03/06/2020 00:00,       12.85
04/06/2020 00:00,       12.83
05/06/2020 00:00,       12.38
06/06/2020 00:00,       12.15
07/06/2020 00:00,       12.08
08/06/2020 00:00,       11.85
09/06/2020 00:00,       11.45
10/06/2020 00:00,       11.29
11/06/2020 00:00,       11.24
12/06/2020 00:00,       11.26
13/06/2020 00:00,       11.23
14/06/2020 00:00,       11.29
15/06/2020 00:00,       11.43
16/06/2020 00:00,       11.93
17/06/2020 00:00,       12.17
18/06/2020 00:00,       12.06
19/06/2020 00:00,       11.92
20/06/2020 00:00,       11.99
21/06/2020 00:00,       12.02
22/06/2020 00:00,       11.88
23/06/2020 00:00,       11.80
24/06/2020 00:00,       12.00
25/06/2020 00:00,       12.08
26/06/2020 00:00,       11.87
27/06/2020 00:00,       11.86
28/06/2020 00:00,       11.74
29/06/2020 00:00,       11.40
30/06/2020 00:00,       11.19
01/07/2020 00:00,       11.28
02/07/2020 00:00,       11.47
03/07/2020 00:00,       11.32
04/07/2020 00:00,       11.16
05/07/2020 00:00,       11.32
06/07/2020 00:00,       11.45
07/07/2020 00:00,       11.51
08/07/2020 00:00,       11.53
09/07/2020 00:00,       11.44
10/07/2020 00:00,       11.48
11/07/2020 00:00,       11.52
12/07/2020 00:00,       11.24
13/07/2020 00:00,       11.26
14/07/2020 00:00,       11.24
15/07/2020 00:00,       11.08
16/07/2020 00:00,       10.95
17/07/2020 00:00,       10.87
18/07/2020 00:00,       10.79
19/07/2020 00:00,       10.75
20/07/2020 00:00,       10.80
21/07/2020 00:00,       10.92
22/07/2020 00:00,       10.93
23/07/2020 00:00,       10.80
24/07/2020 00:00,       10.80
25/07/2020 00:00,       10.98
26/07/2020 00:00,       11.00
27/07/2020 00:00,       11.22
28/07/2020 00:00,       11.18
29/07/2020 00:00,       11.23
30/07/2020 00:00,       11.35
31/07/2020 00:00,       11.35
01/08/2020 00:00,       11.43
02/08/2020 00:00,       11.63
03/08/2020 00:00,       11.70
04/08/2020 00:00,       11.69
05/08/2020 00:00,       11.51
06/08/2020 00:00,       11.22
07/08/2020 00:00,       10.78
08/08/2020 00:00,       10.68
09/08/2020 00:00,       10.91
10/08/2020 00:00,       11.17
11/08/2020 00:00,       11.44
12/08/2020 00:00,       11.50
13/08/2020 00:00,       11.76
14/08/2020 00:00,       12.11
15/08/2020 00:00,       12.51
16/08/2020 00:00,       12.79
17/08/2020 00:00,       12.84
18/08/2020 00:00,       12.87
19/08/2020 00:00,       12.91
20/08/2020 00:00,       12.81
21/08/2020 00:00,       12.62
22/08/2020 00:00,       12.31
23/08/2020 00:00,       12.12
24/08/2020 00:00,       12.09
25/08/2020 00:00,       12.16
26/08/2020 00:00,       12.25
27/08/2020 00:00,       12.49
28/08/2020 00:00,       12.76
29/08/2020 00:00,       13.06
30/08/2020 00:00,       13.26
31/08/2020 00:00,       13.38
01/09/2020 00:00,       13.55
02/09/2020 00:00,       13.84
03/09/2020 00:00,       14.24
04/09/2020 00:00,       14.41
05/09/2020 00:00,       14.54
06/09/2020 00:00,       14.84
07/09/2020 00:00,       15.29
08/09/2020 00:00,       15.51
09/09/2020 00:00,       15.55
10/09/2020 00:00,       15.67
11/09/2020 00:00,       15.99
12/09/2020 00:00,       16.46
13/09/2020 00:00,       16.76
14/09/2020 00:00,       16.61
15/09/2020 00:00,       16.76
16/09/2020 00:00,       17.13
17/09/2020 00:00,       17.21
18/09/2020 00:00,       17.13
19/09/2020 00:00,       17.32
20/09/2020 00:00,       17.41
21/09/2020 00:00,       17.87
22/09/2020 00:00,       17.58
23/09/2020 00:00,""
24/09/2020 00:00,""
25/09/2020 00:00,""
26/09/2020 00:00,""
27/09/2020 00:00,""
28/09/2020 00:00,""
29/09/2020 00:00,""
30/09/2020 00:00,""
01/10/2020 00:00,""
02/10/2020 00:00,""
03/10/2020 00:00,""
04/10/2020 00:00,""
05/10/2020 00:00,""
06/10/2020 00:00,""
07/10/2020 00:00,""
08/10/2020 00:00,""
09/10/2020 00:00,""
10/10/2020 00:00,""
11/10/2020 00:00,""
12/10/2020 00:00,""
13/10/2020 00:00,""
14/10/2020 00:00,""
15/10/2020 00:00,""
16/10/2020 00:00,""
17/10/2020 00:00,""
18/10/2020 00:00,""
19/10/2020 00:00,""
20/10/2020 00:00,""
21/10/2020 00:00,""
22/10/2020 00:00,""
23/10/2020 00:00,""
24/10/2020 00:00,""
25/10/2020 00:00,""
