Date,Goolwa (122),Mundoo (26),EweIs (111),Tauw (322),Boundary (6),Hour
01/01/2010 00:00,0.000,0.000,0.000,0.000,0.000,0
03/09/2010 00:00,0.000,0.000,0.000,0.000,0.000,5880
04/09/2010 00:00,0.066,0.000,0.000,0.009,0.000,5904
05/09/2010 00:00,0.049,0.000,0.000,0.009,0.000,5928
06/09/2010 00:00,0.033,0.000,0.000,0.009,0.000,5952
07/09/2010 00:00,0.008,0.000,0.000,0.009,0.000,5976
08/09/2010 00:00,0.008,0.000,0.000,0.009,0.000,6000
09/09/2010 00:00,0.008,0.000,0.000,0.009,0.000,6024
10/09/2010 00:00,0.008,0.000,0.000,0.009,0.000,6048
11/09/2010 00:00,0.008,0.000,0.000,0.009,0.000,6072
12/09/2010 00:00,0.008,0.000,0.000,0.009,0.000,6096
13/09/2010 00:00,0.008,0.000,0.000,0.009,0.000,6120
14/09/2010 00:00,0.041,0.000,0.000,0.009,0.000,6144
15/09/2010 00:00,0.066,0.000,0.000,0.009,0.000,6168
16/09/2010 00:00,0.049,0.000,0.000,0.009,0.000,6192
17/09/2010 00:00,0.008,0.038,0.018,0.022,0.167,6216
18/09/2010 00:00,0.008,0.038,0.018,0.022,0.167,6240
19/09/2010 00:00,0.008,0.038,0.018,0.022,0.167,6264
20/09/2010 00:00,0.008,0.038,0.018,0.022,0.167,6288
21/09/2010 00:00,0.016,0.038,0.018,0.034,0.167,6312
22/09/2010 00:00,0.016,0.038,0.018,0.034,0.167,6336
23/09/2010 00:00,0.016,0.038,0.018,0.034,0.167,6360
24/09/2010 00:00,0.016,0.038,0.018,0.034,0.167,6384
25/09/2010 00:00,0.016,0.038,0.018,0.034,0.167,6408
26/09/2010 00:00,0.016,0.038,0.018,0.034,0.167,6432
27/09/2010 00:00,0.016,0.038,0.018,0.034,0.167,6456
28/09/2010 00:00,0.016,0.038,0.018,0.034,0.167,6480
29/09/2010 00:00,0.016,0.038,0.018,0.034,0.167,6504
30/09/2010 00:00,0.041,0.038,0.018,0.034,0.167,6528
01/10/2010 00:00,0.164,0.038,0.027,0.047,0.167,6552
02/10/2010 00:00,0.164,0.038,0.027,0.047,0.167,6576
03/10/2010 00:00,0.164,0.038,0.027,0.047,0.167,6600
04/10/2010 00:00,0.164,0.038,0.027,0.047,0.167,6624
05/10/2010 00:00,0.164,0.038,0.027,0.047,0.167,6648
06/10/2010 00:00,0.164,0.038,0.027,0.047,0.167,6672
07/10/2010 00:00,0.164,0.038,0.027,0.047,0.167,6696
08/10/2010 00:00,0.164,0.038,0.027,0.047,0.167,6720
09/10/2010 00:00,0.164,0.038,0.027,0.047,0.167,6744
10/10/2010 00:00,0.164,0.038,0.027,0.047,0.167,6768
11/10/2010 00:00,0.164,0.077,0.036,0.056,0.167,6792
12/10/2010 00:00,0.221,0.115,0.045,0.065,0.167,6816
13/10/2010 00:00,0.279,0.115,0.063,0.081,0.167,6840
14/10/2010 00:00,0.361,0.115,0.063,0.081,0.167,6864
15/10/2010 00:00,0.361,0.115,0.063,0.081,0.167,6888
16/10/2010 00:00,0.361,0.115,0.063,0.081,0.167,6912
17/10/2010 00:00,0.361,0.115,0.063,0.081,0.167,6936
18/10/2010 00:00,0.385,0.115,0.081,0.096,0.167,6960
19/10/2010 00:00,0.385,0.115,0.099,0.115,0.167,6984
20/10/2010 00:00,0.385,0.115,0.099,0.115,0.167,7008
21/10/2010 00:00,0.443,0.115,0.099,0.130,0.167,7032
22/10/2010 00:00,0.443,0.115,0.099,0.130,0.167,7056
23/10/2010 00:00,0.443,0.115,0.099,0.130,0.167,7080
24/10/2010 00:00,0.443,0.115,0.099,0.130,0.167,7104
25/10/2010 00:00,0.443,0.115,0.099,0.130,0.167,7128
26/10/2010 00:00,0.443,0.115,0.099,0.130,0.167,7152
27/10/2010 00:00,0.443,0.115,0.099,0.130,0.167,7176
28/10/2010 00:00,0.320,0.115,0.126,0.152,0.167,7200
29/10/2010 00:00,0.320,0.115,0.126,0.152,0.167,7224
30/10/2010 00:00,0.320,0.115,0.126,0.152,0.167,7248
31/10/2010 00:00,0.320,0.115,0.126,0.152,0.167,7272
01/11/2010 00:00,0.385,0.115,0.135,0.165,0.167,7296
02/11/2010 00:00,0.451,0.115,0.144,0.177,0.167,7320
03/11/2010 00:00,0.451,0.115,0.144,0.177,0.167,7344
04/11/2010 00:00,0.451,0.115,0.144,0.177,0.167,7368
05/11/2010 00:00,0.451,0.115,0.144,0.177,0.167,7392
06/11/2010 00:00,0.451,0.115,0.144,0.177,0.167,7416
07/11/2010 00:00,0.451,0.115,0.144,0.177,0.167,7440
08/11/2010 00:00,0.385,0.115,0.135,0.165,0.167,7464
09/11/2010 00:00,0.385,0.115,0.135,0.165,0.167,7488
10/11/2010 00:00,0.262,0.115,0.135,0.165,0.167,7512
11/11/2010 00:00,0.262,0.115,0.135,0.165,0.167,7536
12/11/2010 00:00,0.262,0.115,0.135,0.165,0.167,7560
13/11/2010 00:00,0.262,0.115,0.135,0.165,0.167,7584
14/11/2010 00:00,0.262,0.115,0.135,0.165,0.167,7608
15/11/2010 00:00,0.262,0.115,0.135,0.165,0.167,7632
16/11/2010 00:00,0.262,0.115,0.135,0.165,0.167,7656
17/11/2010 00:00,0.262,0.115,0.135,0.165,0.167,7680
18/11/2010 00:00,0.262,0.115,0.135,0.165,0.167,7704
19/11/2010 00:00,0.262,0.115,0.135,0.165,0.167,7728
20/11/2010 00:00,0.262,0.115,0.135,0.165,0.167,7752
21/11/2010 00:00,0.262,0.115,0.135,0.165,0.167,7776
22/11/2010 00:00,0.262,0.115,0.135,0.165,0.167,7800
23/11/2010 00:00,0.262,0.115,0.135,0.165,0.167,7824
24/11/2010 00:00,0.262,0.115,0.135,0.165,0.167,7848
25/11/2010 00:00,0.303,0.115,0.135,0.165,0.167,7872
26/11/2010 00:00,0.344,0.115,0.135,0.186,0.167,7896
27/11/2010 00:00,0.344,0.115,0.135,0.186,0.167,7920
28/11/2010 00:00,0.344,0.115,0.135,0.186,0.167,7944
29/11/2010 00:00,0.385,0.115,0.153,0.202,0.167,7968
30/11/2010 00:00,0.467,0.115,0.189,0.233,0.167,7992
01/12/2010 00:00,0.533,0.115,0.225,0.264,0.167,8016
02/12/2010 00:00,0.615,0.115,0.261,0.295,0.167,8040
03/12/2010 00:00,0.615,0.115,0.261,0.295,0.167,8064
04/12/2010 00:00,0.615,0.115,0.261,0.295,0.167,8088
05/12/2010 00:00,0.615,0.115,0.261,0.295,0.167,8112
06/12/2010 00:00,0.615,0.115,0.261,0.295,0.167,8136
07/12/2010 00:00,0.656,0.115,0.279,0.311,0.167,8160
08/12/2010 00:00,0.738,0.115,0.315,0.342,0.167,8184
09/12/2010 00:00,0.820,0.115,0.387,0.404,0.333,8208
10/12/2010 00:00,0.844,0.115,0.459,0.466,1.000,8232
11/12/2010 00:00,0.852,0.115,0.532,0.528,1.000,8256
12/12/2010 00:00,0.852,0.115,0.532,0.528,1.000,8280
13/12/2010 00:00,0.852,0.115,0.532,0.528,1.000,8304
14/12/2010 00:00,0.852,0.115,0.532,0.528,1.000,8328
15/12/2010 00:00,0.852,0.115,0.532,0.528,1.000,8352
16/12/2010 00:00,0.852,0.115,0.532,0.528,1.000,8376
17/12/2010 00:00,0.852,0.115,0.532,0.528,1.000,8400
18/12/2010 00:00,0.852,0.115,0.532,0.528,1.000,8424
19/12/2010 00:00,0.852,0.115,0.532,0.528,1.000,8448
20/12/2010 00:00,0.852,0.115,0.532,0.528,1.000,8472
21/12/2010 00:00,0.877,0.577,0.532,0.565,1.000,8496
22/12/2010 00:00,0.877,0.577,0.604,0.565,1.000,8520
23/12/2010 00:00,0.877,0.577,0.604,0.565,1.000,8544
24/12/2010 00:00,0.877,0.577,0.604,0.565,1.000,8568
25/12/2010 00:00,0.877,0.577,0.604,0.565,1.000,8592
26/12/2010 00:00,0.877,0.577,0.604,0.565,1.000,8616
27/12/2010 00:00,0.877,0.577,0.604,0.565,1.000,8640
28/12/2010 00:00,0.877,0.577,0.604,0.565,1.000,8664
29/12/2010 00:00,0.877,0.577,0.604,0.565,1.000,8688
30/12/2010 00:00,0.877,0.577,0.604,0.565,1.000,8712
31/12/2010 00:00,0.877,0.577,0.604,0.565,1.000,8736
01/01/2011 00:00,0.877,0.577,0.604,0.565,1.000,8760
02/01/2011 00:00,0.877,0.577,0.604,0.565,1.000,8784
03/01/2011 00:00,0.877,0.577,0.604,0.565,1.000,8808
04/01/2011 00:00,0.877,0.577,0.604,0.565,1.000,8832
05/01/2011 00:00,0.877,0.577,0.604,0.565,1.000,8856
06/01/2011 00:00,0.877,0.577,0.604,0.565,1.000,8880
07/01/2011 00:00,0.877,0.577,0.604,0.565,1.000,8904
08/01/2011 00:00,0.877,0.577,0.604,0.565,1.000,8928
09/01/2011 00:00,0.877,0.577,0.604,0.565,1.000,8952
10/01/2011 00:00,0.918,0.577,0.604,0.565,1.000,8976
11/01/2011 00:00,0.918,0.577,0.604,0.565,1.000,9000
12/01/2011 00:00,0.918,0.577,0.604,0.565,1.000,9024
13/01/2011 00:00,0.918,0.577,0.604,0.565,1.000,9048
14/01/2011 00:00,0.918,0.577,0.604,0.565,1.000,9072
15/01/2011 00:00,0.918,0.577,0.604,0.565,1.000,9096
16/01/2011 00:00,0.918,0.577,0.604,0.565,1.000,9120
17/01/2011 00:00,0.918,0.577,0.604,0.565,1.000,9144
18/01/2011 00:00,0.918,0.577,0.604,0.565,1.000,9168
19/01/2011 00:00,0.967,0.577,0.604,0.565,1.000,9192
20/01/2011 00:00,0.967,0.577,0.604,0.565,1.000,9216
21/01/2011 00:00,0.967,0.577,0.604,0.565,1.000,9240
22/01/2011 00:00,0.967,0.577,0.604,0.565,1.000,9264
23/01/2011 00:00,0.967,0.577,0.604,0.565,1.000,9288
24/01/2011 00:00,0.967,0.577,0.604,0.565,1.000,9312
25/01/2011 00:00,0.967,0.577,0.604,0.565,1.000,9336
26/01/2011 00:00,0.967,0.577,0.604,0.565,1.000,9360
27/01/2011 00:00,0.967,0.577,0.604,0.565,1.000,9384
28/01/2011 00:00,0.967,0.577,0.604,0.565,1.000,9408
29/01/2011 00:00,0.967,1.000,0.604,0.565,1.000,9432
30/01/2011 00:00,0.967,1.000,0.604,0.565,1.000,9456
31/01/2011 00:00,0.967,1.000,0.604,0.565,1.000,9480
01/02/2011 00:00,0.967,1.000,0.604,0.565,1.000,9504
02/02/2011 00:00,0.967,1.000,0.604,0.565,1.000,9528
03/02/2011 00:00,0.967,1.000,0.604,0.565,1.000,9552
04/02/2011 00:00,0.967,1.000,0.604,0.565,1.000,9576
05/02/2011 00:00,0.967,1.000,0.604,0.565,1.000,9600
06/02/2011 00:00,0.967,1.000,0.604,0.565,1.000,9624
07/02/2011 00:00,0.639,1.000,0.333,0.444,1.000,9648
08/02/2011 00:00,0.393,1.000,0.333,0.444,1.000,9672
09/02/2011 00:00,0.246,0.769,0.261,0.320,1.000,9696
10/02/2011 00:00,0.164,0.769,0.261,0.196,1.000,9720
11/02/2011 00:00,0.164,0.769,0.153,0.028,1.000,9744
12/02/2011 00:00,0.164,0.769,0.153,0.028,1.000,9768
13/02/2011 00:00,0.164,0.769,0.153,0.028,1.000,9792
14/02/2011 00:00,0.164,1.000,0.153,0.081,1.000,9816
15/02/2011 00:00,0.164,1.000,0.153,0.081,1.000,9840
16/02/2011 00:00,0.246,1.000,0.360,0.165,1.000,9864
17/02/2011 00:00,0.164,1.000,0.270,0.165,1.000,9888
18/02/2011 00:00,0.164,1.000,0.270,0.165,1.000,9912
19/02/2011 00:00,0.164,1.000,0.270,0.165,1.000,9936
20/02/2011 00:00,0.410,1.000,0.270,0.165,1.000,9960
21/02/2011 00:00,0.738,1.000,0.721,0.382,1.000,9984
22/02/2011 00:00,0.984,1.000,0.721,0.537,1.000,10008
23/02/2011 00:00,0.984,1.000,0.721,0.537,1.000,10032
24/02/2011 00:00,0.984,1.000,0.721,0.537,1.000,10056
25/02/2011 00:00,0.984,1.000,0.721,0.537,1.000,10080
26/02/2011 00:00,0.984,1.000,0.721,0.537,1.000,10104
27/02/2011 00:00,0.984,1.000,0.721,0.537,1.000,10128
28/02/2011 00:00,0.984,1.000,0.721,0.537,1.000,10152
01/03/2011 00:00,0.984,1.000,0.721,0.537,1.000,10176
02/03/2011 00:00,0.984,1.000,0.721,0.537,1.000,10200
03/03/2011 00:00,0.984,1.000,0.721,0.537,1.000,10224
04/03/2011 00:00,0.984,1.000,0.721,0.537,1.000,10248
05/03/2011 00:00,0.984,1.000,0.721,0.537,1.000,10272
06/03/2011 00:00,0.984,1.000,0.721,0.537,1.000,10296
07/03/2011 00:00,0.984,1.000,0.721,0.537,1.000,10320
08/03/2011 00:00,0.984,1.000,0.721,0.537,1.000,10344
09/03/2011 00:00,0.984,1.000,0.721,0.537,1.000,10368
10/03/2011 00:00,0.984,1.000,0.721,0.537,1.000,10392
11/03/2011 00:00,0.984,1.000,0.721,0.537,1.000,10416
12/03/2011 00:00,0.984,1.000,0.721,0.537,1.000,10440
13/03/2011 00:00,0.984,1.000,0.721,0.537,1.000,10464
14/03/2011 00:00,0.984,1.000,0.721,0.537,1.000,10488
15/03/2011 00:00,0.984,1.000,0.721,0.537,1.000,10512
16/03/2011 00:00,0.984,1.000,0.721,0.537,1.000,10536
17/03/2011 00:00,0.984,1.000,0.721,0.537,1.000,10560
18/03/2011 00:00,0.984,1.000,0.721,0.537,1.000,10584
19/03/2011 00:00,0.984,1.000,0.721,0.537,1.000,10608
20/03/2011 00:00,0.984,1.000,0.721,0.537,1.000,10632
21/03/2011 00:00,0.984,1.000,0.721,0.537,1.000,10656
22/03/2011 00:00,0.984,1.000,0.721,0.537,1.000,10680
23/03/2011 00:00,0.984,1.000,0.721,0.537,1.000,10704
24/03/2011 00:00,0.984,1.000,0.721,0.537,1.000,10728
25/03/2011 00:00,0.984,1.000,0.721,0.537,1.000,10752
26/03/2011 00:00,0.984,1.000,0.721,0.537,1.000,10776
27/03/2011 00:00,0.984,1.000,0.721,0.537,1.000,10800
28/03/2011 00:00,0.984,1.000,0.721,0.537,1.000,10824
29/03/2011 00:00,0.984,1.000,0.721,0.537,1.000,10848
30/03/2011 00:00,0.984,1.000,0.721,0.537,1.000,10872
31/03/2011 00:00,0.984,1.000,0.721,0.537,1.000,10896
01/04/2011 00:00,0.984,1.000,0.721,0.537,1.000,10920
02/04/2011 00:00,0.984,1.000,0.721,0.537,1.000,10944
03/04/2011 00:00,0.984,1.000,0.721,0.537,1.000,10968
04/04/2011 00:00,0.984,1.000,0.721,0.537,1.000,10992
05/04/2011 00:00,0.984,1.000,0.721,0.537,1.000,11016
06/04/2011 00:00,0.984,1.000,0.721,0.537,1.000,11040
07/04/2011 00:00,0.984,1.000,0.721,0.537,1.000,11064
08/04/2011 00:00,0.984,1.000,0.721,0.537,1.000,11088
09/04/2011 00:00,0.984,1.000,0.721,0.537,1.000,11112
10/04/2011 00:00,0.984,1.000,0.721,0.537,1.000,11136
11/04/2011 00:00,0.984,1.000,0.721,0.537,1.000,11160
12/04/2011 00:00,0.984,1.000,0.721,0.537,1.000,11184
13/04/2011 00:00,0.984,1.000,0.721,0.537,1.000,11208
14/04/2011 00:00,0.984,1.000,0.721,0.537,1.000,11232
15/04/2011 00:00,0.984,1.000,0.721,0.537,1.000,11256
16/04/2011 00:00,0.984,1.000,0.721,0.537,1.000,11280
17/04/2011 00:00,0.984,1.000,0.721,0.537,1.000,11304
18/04/2011 00:00,0.984,1.000,0.721,0.537,1.000,11328
19/04/2011 00:00,0.984,1.000,0.721,0.537,1.000,11352
20/04/2011 00:00,0.984,1.000,0.721,0.537,1.000,11376
21/04/2011 00:00,0.984,1.000,0.721,0.537,1.000,11400
22/04/2011 00:00,0.984,1.000,0.721,0.537,1.000,11424
23/04/2011 00:00,0.984,1.000,0.721,0.537,1.000,11448
24/04/2011 00:00,0.984,1.000,0.721,0.537,1.000,11472
25/04/2011 00:00,0.984,1.000,0.721,0.537,1.000,11496
26/04/2011 00:00,0.984,1.000,0.721,0.537,1.000,11520
27/04/2011 00:00,0.984,1.000,0.721,0.537,1.000,11544
28/04/2011 00:00,0.984,1.000,0.721,0.537,1.000,11568
29/04/2011 00:00,0.984,1.000,0.721,0.537,1.000,11592
30/04/2011 00:00,0.984,1.000,0.721,0.537,1.000,11616
01/05/2011 00:00,0.984,1.000,0.721,0.537,1.000,11640
02/05/2011 00:00,0.984,1.000,0.721,0.537,1.000,11664
03/05/2011 00:00,0.984,1.000,0.721,0.537,1.000,11688
04/05/2011 00:00,0.984,1.000,0.541,0.537,1.000,11712
05/05/2011 00:00,0.984,1.000,0.541,0.537,1.000,11736
06/05/2011 00:00,0.984,1.000,0.541,0.537,1.000,11760
07/05/2011 00:00,0.984,1.000,0.541,0.537,1.000,11784
08/05/2011 00:00,0.984,1.000,0.541,0.537,1.000,11808
09/05/2011 00:00,0.984,1.000,0.541,0.537,1.000,11832
10/05/2011 00:00,0.984,1.000,0.541,0.537,1.000,11856
11/05/2011 00:00,0.984,1.000,0.541,0.537,1.000,11880
12/05/2011 00:00,0.984,1.000,0.541,0.537,1.000,11904
13/05/2011 00:00,0.984,1.000,0.541,0.537,1.000,11928
14/05/2011 00:00,0.984,1.000,0.541,0.537,1.000,11952
15/05/2011 00:00,0.984,1.000,0.541,0.537,1.000,11976
16/05/2011 00:00,0.984,1.000,0.541,0.537,1.000,12000
17/05/2011 00:00,0.984,1.000,0.541,0.537,1.000,12024
18/05/2011 00:00,0.984,1.000,0.541,0.537,1.000,12048
19/05/2011 00:00,0.984,1.000,0.541,0.537,1.000,12072
20/05/2011 00:00,0.984,1.000,0.541,0.537,1.000,12096
21/05/2011 00:00,0.984,1.000,0.541,0.537,1.000,12120
22/05/2011 00:00,0.984,1.000,0.541,0.537,1.000,12144
23/05/2011 00:00,0.984,1.000,0.541,0.537,1.000,12168
24/05/2011 00:00,0.984,1.000,0.541,0.537,1.000,12192
25/05/2011 00:00,0.984,1.000,0.477,0.537,1.000,12216
26/05/2011 00:00,0.984,1.000,0.477,0.537,1.000,12240
27/05/2011 00:00,0.984,1.000,0.477,0.537,1.000,12264
28/05/2011 00:00,0.984,1.000,0.477,0.537,1.000,12288
29/05/2011 00:00,0.984,1.000,0.477,0.537,1.000,12312
30/05/2011 00:00,0.844,0.885,0.477,0.071,0.833,12336
31/05/2011 00:00,0.549,0.885,0.117,0.071,0.167,12360
01/06/2011 00:00,0.549,0.885,0.117,0.071,0.167,12384
02/06/2011 00:00,0.549,0.500,0.117,0.071,0.167,12408
03/06/2011 00:00,0.549,0.231,0.117,0.071,0.167,12432
04/06/2011 00:00,0.246,0.231,0.117,0.071,0.167,12456
05/06/2011 00:00,0.246,0.231,0.117,0.071,0.167,12480
06/06/2011 00:00,0.246,0.231,0.117,0.071,0.167,12504
07/06/2011 00:00,0.246,0.231,0.072,0.056,0.167,12528
08/06/2011 00:00,0.246,0.115,0.072,0.056,0.167,12552
09/06/2011 00:00,0.246,0.115,0.072,0.056,0.167,12576
10/06/2011 00:00,0.164,0.115,0.072,0.056,0.167,12600
11/06/2011 00:00,0.164,0.115,0.072,0.056,0.167,12624
12/06/2011 00:00,0.164,0.115,0.072,0.056,0.167,12648
13/06/2011 00:00,0.164,0.115,0.072,0.056,0.167,12672
14/06/2011 00:00,0.082,0.077,0.018,0.040,0.167,12696
15/06/2011 00:00,0.082,0.077,0.018,0.040,0.167,12720
16/06/2011 00:00,0.082,0.077,0.018,0.040,0.167,12744
17/06/2011 00:00,0.000,0.000,0.018,0.040,0.167,12768
18/06/2011 00:00,0.000,0.000,0.018,0.040,0.167,12792
19/06/2011 00:00,0.000,0.000,0.018,0.040,0.167,12816
20/06/2011 00:00,0.000,0.000,0.018,0.040,0.167,12840
21/06/2011 00:00,0.000,0.000,0.018,0.040,0.167,12864
22/06/2011 00:00,0.000,0.000,0.018,0.040,0.167,12888
23/06/2011 00:00,0.025,0.192,0.018,0.040,0.167,12912
24/06/2011 00:00,0.164,0.192,0.108,0.040,0.167,12936
25/06/2011 00:00,0.164,0.192,0.108,0.040,0.167,12960
26/06/2011 00:00,0.164,0.192,0.108,0.040,0.167,12984
27/06/2011 00:00,0.164,0.192,0.108,0.040,0.167,13008
28/06/2011 00:00,0.164,0.192,0.108,0.040,0.167,13032
29/06/2011 00:00,0.164,0.192,0.108,0.040,0.167,13056
30/06/2011 00:00,0.164,0.192,0.108,0.040,0.167,13080
01/07/2011 00:00,0.164,0.192,0.108,0.040,0.167,13104
02/07/2011 00:00,0.164,0.192,0.108,0.040,0.167,13128
03/07/2011 00:00,0.164,0.192,0.108,0.040,0.167,13152
04/07/2011 00:00,0.164,0.192,0.108,0.040,0.167,13176
05/07/2011 00:00,0.000,0.000,0.108,0.040,0.167,13200
06/07/2011 00:00,0.082,0.154,0.108,0.040,0.167,13224
07/07/2011 00:00,0.164,0.231,0.108,0.071,0.167,13248
08/07/2011 00:00,0.164,0.231,0.198,0.071,0.167,13272
09/07/2011 00:00,0.082,0.154,0.198,0.071,0.167,13296
10/07/2011 00:00,0.082,0.154,0.198,0.071,0.167,13320
11/07/2011 00:00,0.000,0.000,0.198,0.071,0.167,13344
12/07/2011 00:00,0.164,0.231,0.198,0.071,0.167,13368
13/07/2011 00:00,0.164,0.231,0.198,0.071,0.167,13392
14/07/2011 00:00,0.000,0.231,0.198,0.071,0.167,13416
15/07/2011 00:00,0.164,0.231,0.198,0.134,0.167,13440
16/07/2011 00:00,0.164,0.231,0.198,0.134,0.167,13464
17/07/2011 00:00,0.164,0.231,0.198,0.134,0.167,13488
18/07/2011 00:00,0.164,0.000,0.198,0.134,0.167,13512
19/07/2011 00:00,0.164,0.231,0.198,0.134,0.167,13536
20/07/2011 00:00,0.164,0.231,0.198,0.134,0.167,13560
21/07/2011 00:00,0.164,0.000,0.198,0.134,0.167,13584
22/07/2011 00:00,0.164,0.231,0.198,0.134,0.167,13608
23/07/2011 00:00,0.164,0.231,0.198,0.134,0.167,13632
24/07/2011 00:00,0.164,0.231,0.198,0.134,0.167,13656
25/07/2011 00:00,0.082,0.115,0.198,0.102,0.167,13680
26/07/2011 00:00,0.082,0.231,0.198,0.102,0.167,13704
27/07/2011 00:00,0.082,0.231,0.198,0.109,0.167,13728
28/07/2011 00:00,0.082,0.231,0.198,0.109,0.167,13752
29/07/2011 00:00,0.123,0.231,0.198,0.124,0.167,13776
30/07/2011 00:00,0.000,0.000,0.198,0.124,0.167,13800
31/07/2011 00:00,0.000,0.000,0.198,0.124,0.167,13824
01/08/2011 00:00,0.082,0.231,0.198,0.171,0.167,13848
02/08/2011 00:00,0.164,0.231,0.198,0.171,0.167,13872
03/08/2011 00:00,0.246,0.231,0.378,0.233,0.167,13896
04/08/2011 00:00,0.246,0.231,0.378,0.233,0.167,13920
05/08/2011 00:00,0.246,0.231,0.378,0.280,0.167,13944
06/08/2011 00:00,0.246,0.231,0.378,0.280,0.167,13968
07/08/2011 00:00,0.246,0.231,0.378,0.280,0.167,13992
08/08/2011 00:00,0.246,0.231,0.378,0.280,0.167,14016
09/08/2011 00:00,0.246,0.231,0.378,0.280,0.167,14040
10/08/2011 00:00,0.246,0.231,0.378,0.280,0.167,14064
11/08/2011 00:00,0.246,0.231,0.378,0.280,0.167,14088
12/08/2011 00:00,0.246,0.231,0.378,0.280,0.167,14112
13/08/2011 00:00,0.246,0.231,0.378,0.280,0.167,14136
14/08/2011 00:00,0.246,0.231,0.378,0.280,0.167,14160
15/08/2011 00:00,0.246,0.231,0.378,0.280,0.167,14184
16/08/2011 00:00,0.246,0.231,0.378,0.280,0.167,14208
17/08/2011 00:00,0.000,0.000,0.018,0.019,0.167,14232
18/08/2011 00:00,0.000,0.000,0.018,0.019,0.167,14256
19/08/2011 00:00,0.246,0.231,0.360,0.289,0.167,14280
20/08/2011 00:00,0.246,0.231,0.360,0.289,0.167,14304
21/08/2011 00:00,0.246,0.231,0.360,0.289,0.167,14328
22/08/2011 00:00,0.246,0.231,0.360,0.289,0.167,14352
23/08/2011 00:00,0.246,0.231,0.360,0.289,0.167,14376
24/08/2011 00:00,0.246,0.231,0.360,0.289,0.167,14400
25/08/2011 00:00,0.246,0.231,0.360,0.289,0.167,14424
26/08/2011 00:00,0.246,0.231,0.360,0.289,0.167,14448
27/08/2011 00:00,0.246,0.231,0.360,0.289,0.167,14472
28/08/2011 00:00,0.246,0.231,0.360,0.289,0.167,14496
29/08/2011 00:00,0.246,0.231,0.360,0.289,0.167,14520
30/08/2011 00:00,0.246,0.231,0.360,0.289,0.167,14544
31/08/2011 00:00,0.246,0.231,0.360,0.289,0.167,14568
01/09/2011 00:00,0.246,0.231,0.360,0.289,0.167,14592
02/09/2011 00:00,0.246,0.231,0.360,0.289,0.167,14616
03/09/2011 00:00,0.246,0.231,0.360,0.289,0.167,14640
04/09/2011 00:00,0.246,0.231,0.360,0.289,0.167,14664
05/09/2011 00:00,0.246,0.231,0.180,0.196,0.167,14688
06/09/2011 00:00,0.000,0.000,0.180,0.196,0.167,14712
07/09/2011 00:00,0.123,0.231,0.180,0.196,0.167,14736
08/09/2011 00:00,0.123,0.231,0.180,0.196,0.167,14760
09/09/2011 00:00,0.000,0.000,0.018,0.040,0.167,14784
10/09/2011 00:00,0.000,0.000,0.018,0.040,0.167,14808
11/09/2011 00:00,0.000,0.000,0.018,0.040,0.167,14832
12/09/2011 00:00,0.123,0.231,0.018,0.196,0.167,14856
13/09/2011 00:00,0.123,0.231,0.180,0.196,0.167,14880
14/09/2011 00:00,0.123,0.231,0.180,0.196,0.167,14904
15/09/2011 00:00,0.123,0.231,0.135,0.149,0.167,14928
16/09/2011 00:00,0.123,0.231,0.090,0.102,0.167,14952
17/09/2011 00:00,0.123,0.231,0.090,0.102,0.167,14976
18/09/2011 00:00,0.123,0.231,0.090,0.102,0.167,15000
19/09/2011 00:00,0.000,0.000,0.090,0.102,0.167,15024
20/09/2011 00:00,0.000,0.000,0.090,0.102,0.167,15048
21/09/2011 00:00,0.123,0.231,0.090,0.102,0.167,15072
22/09/2011 00:00,0.123,0.231,0.090,0.102,0.167,15096
23/09/2011 00:00,0.082,0.154,0.090,0.102,0.167,15120
24/09/2011 00:00,0.082,0.154,0.090,0.102,0.167,15144
25/09/2011 00:00,0.082,0.154,0.090,0.102,0.167,15168
26/09/2011 00:00,0.041,0.154,0.045,0.071,0.167,15192
27/09/2011 00:00,0.041,0.154,0.045,0.040,0.167,15216
28/09/2011 00:00,0.041,0.154,0.045,0.040,0.167,15240
29/09/2011 00:00,0.000,0.000,0.045,0.040,0.167,15264
30/09/2011 00:00,0.000,0.000,0.027,0.040,0.167,15288
01/10/2011 00:00,0.000,0.000,0.027,0.040,0.167,15312
02/10/2011 00:00,0.164,0.231,0.054,0.102,0.167,15336
03/10/2011 00:00,0.164,0.231,0.054,0.102,0.167,15360
04/10/2011 00:00,0.164,0.231,0.054,0.102,0.167,15384
05/10/2011 00:00,0.164,0.231,0.054,0.102,0.167,15408
06/10/2011 00:00,0.164,0.231,0.054,0.102,0.167,15432
07/10/2011 00:00,0.164,0.231,0.054,0.102,0.167,15456
08/10/2011 00:00,0.164,0.231,0.054,0.102,0.167,15480
09/10/2011 00:00,0.164,0.231,0.054,0.102,0.167,15504
10/10/2011 00:00,0.082,0.231,0.054,0.071,0.167,15528
11/10/2011 00:00,0.082,0.231,0.054,0.071,0.167,15552
12/10/2011 00:00,0.041,0.154,0.054,0.040,0.167,15576
13/10/2011 00:00,0.041,0.154,0.054,0.040,0.167,15600
14/10/2011 00:00,0.000,0.000,0.027,0.040,0.167,15624
15/10/2011 00:00,0.000,0.000,0.027,0.040,0.167,15648
16/10/2011 00:00,0.000,0.000,0.027,0.040,0.167,15672
17/10/2011 00:00,0.041,0.000,0.027,0.059,0.167,15696
18/10/2011 00:00,0.041,0.154,0.027,0.040,0.167,15720
19/10/2011 00:00,0.041,0.077,0.027,0.040,0.167,15744
20/10/2011 00:00,0.041,0.000,0.027,0.040,0.167,15768
21/10/2011 00:00,0.041,0.000,0.027,0.040,0.167,15792
22/10/2011 00:00,0.041,0.000,0.027,0.040,0.167,15816
23/10/2011 00:00,0.041,0.000,0.027,0.040,0.167,15840
24/10/2011 00:00,0.016,0.000,0.027,0.040,0.167,15864
25/10/2011 00:00,0.041,0.000,0.027,0.040,0.167,15888
26/10/2011 00:00,0.041,0.000,0.027,0.040,0.167,15912
27/10/2011 00:00,0.041,0.000,0.027,0.040,0.167,15936
28/10/2011 00:00,0.041,0.000,0.027,0.040,0.167,15960
29/10/2011 00:00,0.000,0.000,0.027,0.031,0.167,15984
30/10/2011 00:00,0.000,0.000,0.027,0.031,0.167,16008
31/10/2011 00:00,0.025,0.000,0.027,0.031,0.167,16032
01/11/2011 00:00,0.025,0.000,0.027,0.031,0.167,16056
02/11/2011 00:00,0.025,0.000,0.027,0.031,0.167,16080
03/11/2011 00:00,0.025,0.000,0.027,0.031,0.167,16104
04/11/2011 00:00,0.025,0.000,0.027,0.031,0.167,16128
05/11/2011 00:00,0.025,0.000,0.027,0.031,0.167,16152
06/11/2011 00:00,0.025,0.000,0.027,0.031,0.167,16176
07/11/2011 00:00,0.025,0.000,0.027,0.031,0.167,16200
08/11/2011 00:00,0.025,0.000,0.027,0.031,0.167,16224
09/11/2011 00:00,0.025,0.077,0.027,0.031,0.167,16248
10/11/2011 00:00,0.025,0.077,0.027,0.031,0.167,16272
11/11/2011 00:00,0.025,0.154,0.027,0.031,0.167,16296
12/11/2011 00:00,0.000,0.000,0.072,0.047,0.167,16320
13/11/2011 00:00,0.000,0.000,0.072,0.047,0.167,16344
14/11/2011 00:00,0.025,0.000,0.072,0.047,0.167,16368
15/11/2011 00:00,0.025,0.077,0.027,0.031,0.167,16392
16/11/2011 00:00,0.025,0.077,0.027,0.031,0.167,16416
17/11/2011 00:00,0.025,0.077,0.027,0.031,0.167,16440
18/11/2011 00:00,0.025,0.038,0.027,0.019,0.167,16464
19/11/2011 00:00,0.008,0.000,0.027,0.012,0.167,16488
20/11/2011 00:00,0.008,0.000,0.027,0.012,0.167,16512
21/11/2011 00:00,0.008,0.000,0.018,0.012,0.000,16536
22/11/2011 00:00,0.041,0.154,0.027,0.025,0.000,16560
23/11/2011 00:00,0.041,0.154,0.027,0.025,0.000,16584
24/11/2011 00:00,0.041,0.154,0.027,0.025,0.000,16608
25/11/2011 00:00,0.041,0.154,0.027,0.025,0.000,16632
26/11/2011 00:00,0.041,0.154,0.027,0.025,0.000,16656
27/11/2011 00:00,0.041,0.154,0.027,0.025,0.000,16680
28/11/2011 00:00,0.041,0.154,0.027,0.025,0.000,16704
29/11/2011 00:00,0.041,0.154,0.027,0.025,0.000,16728
30/11/2011 00:00,0.000,0.000,0.000,0.025,0.000,16752
01/12/2011 00:00,0.041,0.154,0.027,0.025,0.167,16776
02/12/2011 00:00,0.041,0.154,0.027,0.025,0.167,16800
03/12/2011 00:00,0.041,0.154,0.027,0.025,0.167,16824
04/12/2011 00:00,0.041,0.154,0.027,0.025,0.167,16848
05/12/2011 00:00,0.041,0.154,0.027,0.025,0.167,16872
06/12/2011 00:00,0.041,0.154,0.027,0.025,0.167,16896
07/12/2011 00:00,0.041,0.154,0.027,0.025,0.167,16920
08/12/2011 00:00,0.041,0.154,0.027,0.025,0.167,16944
09/12/2011 00:00,0.041,0.154,0.027,0.025,0.167,16968
10/12/2011 00:00,0.041,0.154,0.027,0.025,0.167,16992
11/12/2011 00:00,0.041,0.154,0.027,0.025,0.167,17016
12/12/2011 00:00,0.041,0.154,0.027,0.025,0.167,17040
13/12/2011 00:00,0.000,0.000,0.027,0.025,0.167,17064
14/12/2011 00:00,0.041,0.154,0.027,0.025,0.167,17088
15/12/2011 00:00,0.041,0.154,0.027,0.025,0.167,17112
16/12/2011 00:00,0.041,0.154,0.027,0.025,0.167,17136
17/12/2011 00:00,0.041,0.154,0.027,0.025,0.167,17160
18/12/2011 00:00,0.041,0.154,0.027,0.025,0.167,17184
19/12/2011 00:00,0.041,0.154,0.027,0.025,0.167,17208
20/12/2011 00:00,0.041,0.154,0.027,0.025,0.167,17232
21/12/2011 00:00,0.041,0.154,0.027,0.025,0.167,17256
22/12/2011 00:00,0.041,0.231,0.027,0.025,0.167,17280
23/12/2011 00:00,0.000,0.000,0.090,0.056,0.167,17304
24/12/2011 00:00,0.000,0.000,0.090,0.056,0.167,17328
25/12/2011 00:00,0.000,0.000,0.090,0.056,0.167,17352
26/12/2011 00:00,0.000,0.000,0.090,0.056,0.167,17376
27/12/2011 00:00,0.000,0.000,0.090,0.056,0.167,17400
28/12/2011 00:00,0.066,0.154,0.027,0.028,0.167,17424
29/12/2011 00:00,0.066,0.154,0.027,0.028,0.167,17448
30/12/2011 00:00,0.066,0.154,0.027,0.028,0.167,17472
31/12/2011 00:00,0.066,0.154,0.027,0.028,0.167,17496
01/01/2012 00:00,0.066,0.154,0.027,0.028,0.167,17520
02/01/2012 00:00,0.066,0.154,0.027,0.028,0.167,17544
03/01/2012 00:00,0.066,0.154,0.027,0.028,0.167,17568
04/01/2012 00:00,0.066,0.154,0.027,0.028,0.167,17592
05/01/2012 00:00,0.066,0.154,0.027,0.028,0.167,17616
06/01/2012 00:00,0.066,0.154,0.027,0.028,0.167,17640
07/01/2012 00:00,0.066,0.154,0.027,0.028,0.167,17664
08/01/2012 00:00,0.066,0.154,0.027,0.028,0.167,17688
09/01/2012 00:00,0.000,0.000,0.027,0.037,0.167,17712
10/01/2012 00:00,0.000,0.000,0.027,0.037,0.167,17736
11/01/2012 00:00,0.000,0.000,0.027,0.037,0.167,17760
12/01/2012 00:00,0.074,0.154,0.027,0.037,0.167,17784
13/01/2012 00:00,0.074,0.154,0.027,0.037,0.167,17808
14/01/2012 00:00,0.074,0.154,0.027,0.037,0.167,17832
15/01/2012 00:00,0.074,0.154,0.027,0.037,0.167,17856
16/01/2012 00:00,0.074,0.154,0.027,0.037,0.167,17880
17/01/2012 00:00,0.082,0.154,0.027,0.050,0.167,17904
18/01/2012 00:00,0.082,0.154,0.027,0.050,0.167,17928
19/01/2012 00:00,0.082,0.154,0.027,0.050,0.167,17952
20/01/2012 00:00,0.082,0.154,0.027,0.050,0.167,17976
21/01/2012 00:00,0.082,0.154,0.027,0.050,0.167,18000
22/01/2012 00:00,0.082,0.154,0.027,0.050,0.167,18024
23/01/2012 00:00,0.082,0.154,0.027,0.050,0.167,18048
24/01/2012 00:00,0.082,0.154,0.027,0.050,0.167,18072
25/01/2012 00:00,0.000,0.000,0.027,0.050,0.167,18096
26/01/2012 00:00,0.000,0.000,0.027,0.050,0.167,18120
27/01/2012 00:00,0.057,0.115,0.027,0.050,0.167,18144
28/01/2012 00:00,0.057,0.115,0.027,0.050,0.167,18168
29/01/2012 00:00,0.057,0.115,0.027,0.050,0.167,18192
30/01/2012 00:00,0.000,0.000,0.027,0.050,0.167,18216
31/01/2012 00:00,0.000,0.077,0.027,0.050,0.167,18240
01/02/2012 00:00,0.057,0.077,0.027,0.050,0.167,18264
02/02/2012 00:00,0.057,0.077,0.027,0.050,0.167,18288
03/02/2012 00:00,0.000,0.000,0.027,0.050,0.167,18312
04/02/2012 00:00,0.000,0.000,0.027,0.050,0.167,18336
05/02/2012 00:00,0.000,0.000,0.027,0.050,0.167,18360
06/02/2012 00:00,0.000,0.077,0.027,0.050,0.167,18384
07/02/2012 00:00,0.000,0.077,0.027,0.050,0.167,18408
08/02/2012 00:00,0.041,0.077,0.027,0.050,0.167,18432
09/02/2012 00:00,0.041,0.077,0.027,0.050,0.167,18456
10/02/2012 00:00,0.041,0.077,0.027,0.050,0.167,18480
11/02/2012 00:00,0.000,0.000,0.027,0.050,0.167,18504
12/02/2012 00:00,0.000,0.000,0.027,0.050,0.167,18528
13/02/2012 00:00,0.049,0.077,0.027,0.050,0.167,18552
14/02/2012 00:00,0.049,0.077,0.027,0.050,0.167,18576
15/02/2012 00:00,0.049,0.077,0.027,0.050,0.167,18600
16/02/2012 00:00,0.049,0.077,0.027,0.050,0.167,18624
17/02/2012 00:00,0.049,0.077,0.027,0.050,0.167,18648
18/02/2012 00:00,0.049,0.077,0.027,0.050,0.167,18672
19/02/2012 00:00,0.049,0.077,0.027,0.050,0.167,18696
20/02/2012 00:00,0.049,0.077,0.027,0.050,0.167,18720
21/02/2012 00:00,0.049,0.115,0.027,0.071,0.167,18744
22/02/2012 00:00,0.049,0.115,0.027,0.071,0.167,18768
23/02/2012 00:00,0.049,0.115,0.027,0.071,0.167,18792
24/02/2012 00:00,0.049,0.115,0.027,0.071,0.167,18816
25/02/2012 00:00,0.049,0.115,0.027,0.071,0.167,18840
26/02/2012 00:00,0.049,0.115,0.027,0.071,0.167,18864
27/02/2012 00:00,0.049,0.115,0.027,0.071,0.167,18888
28/02/2012 00:00,0.049,0.115,0.027,0.071,0.167,18912
29/02/2012 00:00,0.000,0.000,0.027,0.071,0.167,18936
01/03/2012 00:00,0.000,0.000,0.027,0.071,0.167,18960
02/03/2012 00:00,0.082,0.231,0.027,0.071,0.167,18984
03/03/2012 00:00,0.107,0.231,0.099,0.071,0.167,19008
04/03/2012 00:00,0.107,0.231,0.099,0.071,0.167,19032
05/03/2012 00:00,0.107,0.231,0.099,0.071,0.167,19056
06/03/2012 00:00,0.189,0.231,0.099,0.071,0.167,19080
07/03/2012 00:00,0.328,0.231,0.162,0.071,0.167,19104
08/03/2012 00:00,0.328,0.231,0.162,0.071,0.167,19128
09/03/2012 00:00,0.492,0.231,0.180,0.071,0.167,19152
10/03/2012 00:00,0.492,0.231,0.180,0.071,0.167,19176
11/03/2012 00:00,0.492,0.231,0.180,0.071,0.167,19200
12/03/2012 00:00,0.492,0.231,0.180,0.071,0.167,19224
13/03/2012 00:00,0.615,0.231,0.180,0.087,0.167,19248
14/03/2012 00:00,0.615,0.231,0.180,0.087,0.167,19272
15/03/2012 00:00,0.615,0.231,0.180,0.087,0.167,19296
16/03/2012 00:00,0.000,0.000,0.180,0.087,0.167,19320
17/03/2012 00:00,0.000,0.000,0.180,0.087,0.167,19344
18/03/2012 00:00,0.000,0.000,0.180,0.087,0.167,19368
19/03/2012 00:00,0.000,0.231,0.180,0.087,0.167,19392
20/03/2012 00:00,0.123,0.231,0.360,0.149,0.167,19416
21/03/2012 00:00,0.000,0.000,0.000,0.009,0.167,19440
22/03/2012 00:00,0.082,0.231,0.108,0.071,0.167,19464
23/03/2012 00:00,0.000,0.000,0.000,0.009,0.167,19488
24/03/2012 00:00,0.000,0.000,0.000,0.009,0.167,19512
25/03/2012 00:00,0.000,0.000,0.000,0.009,0.167,19536
26/03/2012 00:00,0.082,0.231,0.108,0.071,0.167,19560
27/03/2012 00:00,0.410,0.231,0.468,0.273,0.167,19584
28/03/2012 00:00,0.410,0.231,0.468,0.273,0.167,19608
29/03/2012 00:00,0.410,0.231,0.468,0.273,0.167,19632
30/03/2012 00:00,0.410,0.231,0.468,0.273,0.167,19656
31/03/2012 00:00,0.410,0.231,0.468,0.273,0.167,19680
01/04/2012 00:00,0.410,0.231,0.468,0.273,0.167,19704
02/04/2012 00:00,0.410,0.231,0.468,0.273,0.167,19728
03/04/2012 00:00,0.410,0.231,0.468,0.273,0.167,19752
04/04/2012 00:00,0.410,0.231,0.468,0.273,0.167,19776
05/04/2012 00:00,0.000,0.000,0.468,0.273,0.167,19800
06/04/2012 00:00,0.000,0.000,0.468,0.273,0.167,19824
07/04/2012 00:00,0.000,0.000,0.468,0.273,0.167,19848
08/04/2012 00:00,0.000,0.000,0.468,0.273,0.167,19872
09/04/2012 00:00,0.000,0.000,0.468,0.273,0.167,19896
10/04/2012 00:00,0.082,0.231,0.468,0.273,0.167,19920
11/04/2012 00:00,0.410,0.231,0.468,0.273,0.167,19944
12/04/2012 00:00,0.656,0.231,0.468,0.273,0.167,19968
13/04/2012 00:00,0.656,0.231,0.468,0.273,0.167,19992
14/04/2012 00:00,0.656,0.231,0.468,0.273,0.167,20016
15/04/2012 00:00,0.656,0.231,0.468,0.273,0.167,20040
16/04/2012 00:00,0.656,0.231,0.468,0.273,0.167,20064
17/04/2012 00:00,0.656,0.231,0.468,0.273,0.167,20088
18/04/2012 00:00,0.492,0.231,0.468,0.273,0.167,20112
19/04/2012 00:00,0.246,0.231,0.468,0.273,0.167,20136
20/04/2012 00:00,0.000,0.000,0.468,0.273,0.167,20160
21/04/2012 00:00,0.000,0.000,0.468,0.273,0.167,20184
22/04/2012 00:00,0.000,0.000,0.468,0.273,0.167,20208
23/04/2012 00:00,0.000,0.000,0.468,0.273,0.167,20232
24/04/2012 00:00,0.000,0.000,0.468,0.273,0.167,20256
25/04/2012 00:00,0.000,0.000,0.468,0.273,0.167,20280
26/04/2012 00:00,0.533,0.231,0.468,0.273,0.167,20304
27/04/2012 00:00,0.820,0.231,0.468,0.273,0.167,20328
28/04/2012 00:00,0.410,0.231,0.468,0.273,0.167,20352
29/04/2012 00:00,0.000,0.231,0.468,0.273,0.167,20376
30/04/2012 00:00,0.451,0.231,0.468,0.273,0.167,20400
01/05/2012 00:00,0.656,0.231,0.468,0.273,0.167,20424
02/05/2012 00:00,0.656,0.231,0.468,0.273,0.167,20448
03/05/2012 00:00,0.656,0.231,0.468,0.273,0.167,20472
04/05/2012 00:00,0.656,0.231,0.468,0.273,0.167,20496
05/05/2012 00:00,0.656,0.231,0.468,0.273,0.167,20520
06/05/2012 00:00,0.656,0.000,0.468,0.273,0.167,20544
07/05/2012 00:00,0.656,0.000,0.468,0.273,0.167,20568
08/05/2012 00:00,0.656,0.000,0.468,0.273,0.167,20592
09/05/2012 00:00,0.656,0.000,0.468,0.273,0.167,20616
10/05/2012 00:00,0.369,0.000,0.468,0.273,0.167,20640
11/05/2012 00:00,0.000,0.000,0.468,0.273,0.167,20664
12/05/2012 00:00,0.000,0.000,0.468,0.273,0.167,20688
13/05/2012 00:00,0.000,0.000,0.468,0.273,0.167,20712
14/05/2012 00:00,0.410,0.231,0.468,0.273,0.167,20736
15/05/2012 00:00,0.820,0.231,0.468,0.273,0.167,20760
16/05/2012 00:00,0.820,0.231,0.468,0.273,0.167,20784
17/05/2012 00:00,0.820,0.231,0.468,0.273,0.167,20808
18/05/2012 00:00,0.410,0.231,0.468,0.273,0.167,20832
19/05/2012 00:00,0.000,0.000,0.468,0.273,0.167,20856
20/05/2012 00:00,0.000,0.000,0.468,0.273,0.167,20880
21/05/2012 00:00,0.410,0.115,0.811,0.398,0.167,20904
22/05/2012 00:00,0.082,0.115,0.811,0.398,0.167,20928
23/05/2012 00:00,0.000,0.115,0.811,0.398,0.167,20952
24/05/2012 00:00,0.000,0.115,0.811,0.398,0.167,20976
25/05/2012 00:00,0.246,0.115,0.811,0.398,0.167,21000
26/05/2012 00:00,0.410,0.000,0.811,0.398,0.167,21024
27/05/2012 00:00,0.410,0.000,0.811,0.398,0.167,21048
28/05/2012 00:00,0.820,0.231,0.946,0.522,0.167,21072
29/05/2012 00:00,0.820,0.231,0.946,0.522,0.167,21096
30/05/2012 00:00,0.820,0.231,0.946,0.522,0.167,21120
31/05/2012 00:00,0.820,0.231,0.946,0.522,0.167,21144
01/06/2012 00:00,0.410,0.231,0.946,0.522,0.167,21168
02/06/2012 00:00,0.410,0.000,0.946,0.522,0.167,21192
03/06/2012 00:00,0.410,0.000,0.946,0.522,0.167,21216
04/06/2012 00:00,0.410,0.231,0.946,0.522,0.167,21240
05/06/2012 00:00,0.410,0.231,0.946,0.522,0.167,21264
06/06/2012 00:00,0.410,0.231,0.946,0.522,0.167,21288
07/06/2012 00:00,0.410,0.231,0.946,0.522,0.167,21312
08/06/2012 00:00,0.410,0.231,0.946,0.522,0.167,21336
09/06/2012 00:00,0.410,0.231,0.946,0.522,0.167,21360
10/06/2012 00:00,0.410,0.231,0.946,0.522,0.167,21384
11/06/2012 00:00,0.410,0.231,0.946,0.522,0.167,21408
12/06/2012 00:00,0.410,0.231,0.946,0.522,0.167,21432
13/06/2012 00:00,0.410,0.231,0.946,0.273,0.167,21456
14/06/2012 00:00,0.410,0.231,0.946,0.273,0.167,21480
15/06/2012 00:00,0.410,0.000,0.946,0.273,0.167,21504
16/06/2012 00:00,0.410,0.000,0.946,0.273,0.167,21528
17/06/2012 00:00,0.410,0.000,0.946,0.273,0.167,21552
18/06/2012 00:00,0.410,0.000,0.838,0.273,0.167,21576
19/06/2012 00:00,0.410,0.000,0.622,0.273,0.167,21600
20/06/2012 00:00,0.328,0.000,0.622,0.273,0.167,21624
21/06/2012 00:00,0.164,0.000,0.225,0.149,0.167,21648
22/06/2012 00:00,0.164,0.000,0.225,0.149,0.167,21672
23/06/2012 00:00,0.164,0.000,0.225,0.149,0.167,21696
24/06/2012 00:00,0.164,0.000,0.225,0.149,0.167,21720
25/06/2012 00:00,0.164,0.000,0.117,0.118,0.167,21744
26/06/2012 00:00,0.082,0.000,0.117,0.096,0.167,21768
27/06/2012 00:00,0.082,0.000,0.117,0.071,0.167,21792
28/06/2012 00:00,0.041,0.000,0.117,0.071,0.167,21816
29/06/2012 00:00,0.000,0.000,0.054,0.040,0.167,21840
30/06/2012 00:00,0.000,0.000,0.054,0.040,0.167,21864
01/07/2012 00:00,0.000,0.000,0.054,0.040,0.167,21888
02/07/2012 00:00,0.000,0.000,0.054,0.040,0.167,21912
03/07/2012 00:00,0.041,0.077,0.054,0.040,0.167,21936
04/07/2012 00:00,0.082,0.077,0.054,0.040,0.167,21960
05/07/2012 00:00,0.082,0.077,0.054,0.040,0.167,21984
06/07/2012 00:00,0.082,0.077,0.054,0.040,0.167,22008
07/07/2012 00:00,0.082,0.077,0.054,0.040,0.167,22032
08/07/2012 00:00,0.082,0.077,0.054,0.040,0.167,22056
09/07/2012 00:00,0.082,0.077,0.054,0.040,0.167,22080
10/07/2012 00:00,0.082,0.077,0.054,0.040,0.167,22104
11/07/2012 00:00,0.082,0.077,0.054,0.040,0.167,22128
12/07/2012 00:00,0.082,0.077,0.054,0.040,0.167,22152
13/07/2012 00:00,0.041,0.000,0.144,0.040,0.167,22176
14/07/2012 00:00,0.041,0.000,0.144,0.040,0.167,22200
15/07/2012 00:00,0.041,0.000,0.144,0.071,0.167,22224
16/07/2012 00:00,0.123,0.000,0.144,0.071,0.167,22248
17/07/2012 00:00,0.123,0.231,0.324,0.134,0.167,22272
18/07/2012 00:00,0.123,0.231,0.324,0.134,0.167,22296
19/07/2012 00:00,0.123,0.154,0.270,0.102,0.167,22320
20/07/2012 00:00,0.082,0.000,0.270,0.102,0.167,22344
21/07/2012 00:00,0.082,0.000,0.270,0.102,0.167,22368
22/07/2012 00:00,0.082,0.000,0.270,0.102,0.167,22392
23/07/2012 00:00,0.082,0.077,0.270,0.090,0.167,22416
24/07/2012 00:00,0.123,0.077,0.270,0.090,0.167,22440
25/07/2012 00:00,0.123,0.077,0.270,0.090,0.167,22464
26/07/2012 00:00,0.000,0.000,0.270,0.090,0.167,22488
27/07/2012 00:00,0.123,0.077,0.270,0.090,0.167,22512
28/07/2012 00:00,0.123,0.231,0.450,0.152,0.167,22536
29/07/2012 00:00,0.123,0.231,0.450,0.152,0.167,22560
30/07/2012 00:00,0.205,0.231,0.450,0.152,0.167,22584
31/07/2012 00:00,0.123,0.231,0.450,0.152,0.167,22608
01/08/2012 00:00,0.246,0.231,0.450,0.152,0.167,22632
02/08/2012 00:00,0.246,0.231,0.405,0.121,0.167,22656
03/08/2012 00:00,0.000,0.000,0.450,0.236,0.167,22680
04/08/2012 00:00,0.000,0.000,0.450,0.236,0.167,22704
05/08/2012 00:00,0.000,0.000,0.450,0.236,0.167,22728
06/08/2012 00:00,0.164,0.231,0.450,0.267,0.167,22752
07/08/2012 00:00,0.574,0.231,0.450,0.267,0.167,22776
08/08/2012 00:00,0.574,0.231,0.450,0.267,0.167,22800
09/08/2012 00:00,0.574,0.231,0.450,0.267,0.167,22824
10/08/2012 00:00,0.820,0.231,0.450,0.422,0.167,22848
11/08/2012 00:00,0.820,0.231,0.450,0.422,0.167,22872
12/08/2012 00:00,0.820,0.231,0.450,0.422,0.167,22896
13/08/2012 00:00,0.820,0.231,0.450,0.422,0.167,22920
14/08/2012 00:00,0.328,0.231,0.450,0.422,0.167,22944
15/08/2012 00:00,0.000,0.231,0.450,0.422,0.167,22968
16/08/2012 00:00,0.000,0.000,0.450,0.422,0.167,22992
17/08/2012 00:00,0.000,0.000,0.450,0.422,0.167,23016
18/08/2012 00:00,0.000,0.000,0.450,0.422,0.167,23040
19/08/2012 00:00,0.000,0.000,0.450,0.422,0.167,23064
20/08/2012 00:00,0.574,0.231,0.450,0.422,0.167,23088
21/08/2012 00:00,0.656,0.231,0.450,0.422,0.167,23112
22/08/2012 00:00,0.246,0.000,0.450,0.422,0.167,23136
23/08/2012 00:00,0.000,0.000,0.450,0.422,0.167,23160
24/08/2012 00:00,0.000,0.000,0.450,0.422,0.167,23184
25/08/2012 00:00,0.000,0.000,0.450,0.422,0.167,23208
26/08/2012 00:00,0.000,0.000,0.450,0.422,0.167,23232
27/08/2012 00:00,0.189,0.231,0.450,0.516,0.167,23256
28/08/2012 00:00,0.615,0.231,0.450,0.516,0.167,23280
29/08/2012 00:00,0.820,0.231,0.450,0.516,0.167,23304
30/08/2012 00:00,0.975,0.231,0.450,0.516,0.167,23328
31/08/2012 00:00,0.975,0.231,0.450,0.516,0.167,23352
01/09/2012 00:00,0.975,0.231,0.450,0.516,0.167,23376
02/09/2012 00:00,0.975,0.231,0.450,0.516,0.167,23400
03/09/2012 00:00,0.975,0.231,0.450,0.516,0.167,23424
04/09/2012 00:00,0.975,0.231,0.450,0.516,0.167,23448
05/09/2012 00:00,0.410,0.231,0.450,0.516,0.167,23472
06/09/2012 00:00,0.164,0.000,0.450,0.516,0.167,23496
07/09/2012 00:00,0.000,0.000,0.450,0.516,0.167,23520
08/09/2012 00:00,0.000,0.000,0.450,0.516,0.167,23544
09/09/2012 00:00,0.000,0.000,0.450,0.516,0.167,23568
10/09/2012 00:00,0.410,0.231,0.450,0.516,0.167,23592
11/09/2012 00:00,0.820,0.231,0.450,0.516,0.167,23616
12/09/2012 00:00,0.820,0.231,0.450,0.516,0.167,23640
13/09/2012 00:00,0.820,0.231,0.450,0.516,0.167,23664
14/09/2012 00:00,0.820,0.231,0.450,0.516,0.167,23688
15/09/2012 00:00,0.820,0.231,0.450,0.516,0.167,23712
16/09/2012 00:00,0.820,0.231,0.450,0.516,0.167,23736
17/09/2012 00:00,0.820,0.231,0.450,0.516,0.167,23760
18/09/2012 00:00,0.820,0.231,0.450,0.516,0.167,23784
19/09/2012 00:00,0.820,0.231,0.450,0.516,0.167,23808
20/09/2012 00:00,0.328,0.231,0.450,0.516,0.167,23832
21/09/2012 00:00,0.000,0.000,0.450,0.320,0.167,23856
22/09/2012 00:00,0.000,0.000,0.450,0.320,0.167,23880
23/09/2012 00:00,0.000,0.000,0.450,0.320,0.167,23904
24/09/2012 00:00,0.410,0.231,0.450,0.320,0.167,23928
25/09/2012 00:00,0.410,0.231,0.450,0.320,0.167,23952
26/09/2012 00:00,0.410,0.231,0.450,0.320,0.167,23976
27/09/2012 00:00,0.164,0.231,0.450,0.320,0.167,24000
28/09/2012 00:00,0.000,0.000,0.351,0.264,0.167,24024
29/09/2012 00:00,0.000,0.000,0.351,0.264,0.167,24048
30/09/2012 00:00,0.000,0.000,0.351,0.264,0.167,24072
01/10/2012 00:00,0.000,0.000,0.351,0.264,0.167,24096
02/10/2012 00:00,0.000,0.231,0.450,0.311,0.167,24120
03/10/2012 00:00,0.328,0.231,0.450,0.311,0.167,24144
04/10/2012 00:00,0.328,0.231,0.450,0.311,0.167,24168
05/10/2012 00:00,0.328,0.000,0.450,0.311,0.167,24192
06/10/2012 00:00,0.328,0.231,0.450,0.311,0.167,24216
07/10/2012 00:00,0.164,0.231,0.315,0.227,0.167,24240
08/10/2012 00:00,0.164,0.231,0.315,0.227,0.167,24264
09/10/2012 00:00,0.164,0.231,0.315,0.227,0.167,24288
10/10/2012 00:00,0.000,0.000,0.315,0.227,0.167,24312
11/10/2012 00:00,0.000,0.000,0.315,0.227,0.167,24336
12/10/2012 00:00,0.000,0.000,0.315,0.227,0.167,24360
13/10/2012 00:00,0.164,0.231,0.315,0.227,0.167,24384
14/10/2012 00:00,0.164,0.231,0.315,0.227,0.167,24408
15/10/2012 00:00,0.164,0.231,0.315,0.227,0.167,24432
16/10/2012 00:00,0.164,0.231,0.180,0.134,0.167,24456
17/10/2012 00:00,0.164,0.231,0.180,0.134,0.167,24480
18/10/2012 00:00,0.164,0.231,0.180,0.134,0.167,24504
19/10/2012 00:00,0.164,0.154,0.180,0.134,0.167,24528
20/10/2012 00:00,0.164,0.154,0.180,0.134,0.167,24552
21/10/2012 00:00,0.164,0.154,0.180,0.134,0.167,24576
22/10/2012 00:00,0.164,0.154,0.180,0.134,0.167,24600
23/10/2012 00:00,0.123,0.077,0.090,0.134,0.167,24624
24/10/2012 00:00,0.123,0.077,0.090,0.134,0.167,24648
25/10/2012 00:00,0.000,0.000,0.090,0.134,0.167,24672
26/10/2012 00:00,0.082,0.077,0.090,0.134,0.167,24696
27/10/2012 00:00,0.082,0.077,0.090,0.134,0.167,24720
28/10/2012 00:00,0.082,0.077,0.090,0.134,0.167,24744
29/10/2012 00:00,0.082,0.077,0.045,0.102,0.167,24768
30/10/2012 00:00,0.082,0.038,0.045,0.071,0.167,24792
31/10/2012 00:00,0.000,0.000,0.045,0.071,0.167,24816
01/11/2012 00:00,0.000,0.000,0.045,0.071,0.167,24840
02/11/2012 00:00,0.041,0.038,0.045,0.071,0.167,24864
03/11/2012 00:00,0.041,0.038,0.045,0.071,0.167,24888
04/11/2012 00:00,0.041,0.038,0.045,0.071,0.167,24912
05/11/2012 00:00,0.025,0.038,0.018,0.056,0.167,24936
06/11/2012 00:00,0.025,0.038,0.018,0.025,0.167,24960
07/11/2012 00:00,0.008,0.000,0.018,0.025,0.167,24984
08/11/2012 00:00,0.008,0.000,0.018,0.025,0.167,25008
09/11/2012 00:00,0.008,0.038,0.018,0.025,0.167,25032
10/11/2012 00:00,0.008,0.038,0.018,0.025,0.167,25056
11/11/2012 00:00,0.008,0.038,0.063,0.056,0.167,25080
12/11/2012 00:00,0.008,0.038,0.018,0.025,0.167,25104
13/11/2012 00:00,0.025,0.038,0.018,0.050,0.167,25128
14/11/2012 00:00,0.025,0.038,0.018,0.050,0.167,25152
15/11/2012 00:00,0.025,0.038,0.018,0.050,0.167,25176
16/11/2012 00:00,0.025,0.038,0.018,0.056,0.167,25200
17/11/2012 00:00,0.025,0.038,0.018,0.056,0.167,25224
18/11/2012 00:00,0.025,0.038,0.018,0.056,0.167,25248
19/11/2012 00:00,0.025,0.038,0.018,0.050,0.167,25272
20/11/2012 00:00,0.025,0.038,0.018,0.050,0.167,25296
21/11/2012 00:00,0.008,0.038,0.018,0.043,0.167,25320
22/11/2012 00:00,0.008,0.000,0.000,0.056,0.167,25344
23/11/2012 00:00,0.016,0.000,0.000,0.053,0.167,25368
24/11/2012 00:00,0.016,0.000,0.000,0.053,0.167,25392
25/11/2012 00:00,0.016,0.000,0.000,0.053,0.167,25416
26/11/2012 00:00,0.016,0.000,0.000,0.053,0.167,25440
27/11/2012 00:00,0.016,0.000,0.000,0.053,0.167,25464
28/11/2012 00:00,0.016,0.000,0.000,0.053,0.167,25488
29/11/2012 00:00,0.016,0.000,0.000,0.053,0.167,25512
30/11/2012 00:00,0.000,0.000,0.000,0.059,0.167,25536
01/12/2012 00:00,0.000,0.000,0.000,0.071,0.167,25560
02/12/2012 00:00,0.000,0.000,0.000,0.071,0.167,25584
03/12/2012 00:00,0.000,0.000,0.000,0.071,0.167,25608
04/12/2012 00:00,0.000,0.000,0.000,0.071,0.167,25632
05/12/2012 00:00,0.000,0.000,0.000,0.071,0.167,25656
06/12/2012 00:00,0.000,0.000,0.000,0.071,0.167,25680
07/12/2012 00:00,0.016,0.000,0.000,0.071,0.167,25704
08/12/2012 00:00,0.016,0.000,0.000,0.071,0.167,25728
09/12/2012 00:00,0.016,0.000,0.000,0.071,0.167,25752
10/12/2012 00:00,0.025,0.000,0.000,0.087,0.167,25776
11/12/2012 00:00,0.025,0.008,0.000,0.087,0.167,25800
12/12/2012 00:00,0.025,0.008,0.000,0.087,0.167,25824
13/12/2012 00:00,0.025,0.008,0.000,0.118,0.167,25848
14/12/2012 00:00,0.000,0.000,0.000,0.118,0.167,25872
15/12/2012 00:00,0.000,0.000,0.000,0.118,0.167,25896
16/12/2012 00:00,0.000,0.000,0.000,0.118,0.167,25920
17/12/2012 00:00,0.025,0.008,0.000,0.118,0.167,25944
18/12/2012 00:00,0.033,0.008,0.000,0.134,0.167,25968
19/12/2012 00:00,0.033,0.008,0.000,0.134,0.167,25992
20/12/2012 00:00,0.033,0.008,0.000,0.134,0.167,26016
21/12/2012 00:00,0.033,0.008,0.000,0.134,0.167,26040
22/12/2012 00:00,0.033,0.008,0.000,0.134,0.167,26064
23/12/2012 00:00,0.033,0.008,0.000,0.096,0.167,26088
24/12/2012 00:00,0.033,0.008,0.000,0.096,0.167,26112
25/12/2012 00:00,0.033,0.008,0.000,0.096,0.167,26136
26/12/2012 00:00,0.033,0.008,0.000,0.096,0.167,26160
27/12/2012 00:00,0.033,0.008,0.000,0.096,0.167,26184
28/12/2012 00:00,0.008,0.000,0.000,0.040,0.167,26208
29/12/2012 00:00,0.008,0.000,0.000,0.040,0.167,26232
30/12/2012 00:00,0.008,0.000,0.000,0.040,0.167,26256
31/12/2012 00:00,0.008,0.000,0.000,0.040,0.167,26280
01/01/2013 00:00,0.008,0.000,0.000,0.040,0.167,26304
02/01/2013 00:00,0.008,0.000,0.000,0.040,0.167,26328
03/01/2013 00:00,0.008,0.000,0.000,0.040,0.167,26352
04/01/2013 00:00,0.008,0.000,0.000,0.040,0.167,26376
05/01/2013 00:00,0.008,0.000,0.000,0.040,0.167,26400
06/01/2013 00:00,0.008,0.000,0.000,0.040,0.167,26424
07/01/2013 00:00,0.008,0.000,0.000,0.040,0.167,26448
08/01/2013 00:00,0.008,0.000,0.000,0.040,0.167,26472
09/01/2013 00:00,0.008,0.000,0.000,0.022,0.167,26496
10/01/2013 00:00,0.008,0.000,0.000,0.022,0.167,26520
11/01/2013 00:00,0.008,0.000,0.000,0.022,0.017,26544
12/01/2013 00:00,0.000,0.000,0.000,0.022,0.017,26568
13/01/2013 00:00,0.000,0.000,0.000,0.022,0.017,26592
14/01/2013 00:00,0.008,0.008,0.000,0.022,0.017,26616
15/01/2013 00:00,0.008,0.008,0.000,0.022,0.017,26640
16/01/2013 00:00,0.008,0.008,0.000,0.022,0.017,26664
17/01/2013 00:00,0.000,0.000,0.000,0.022,0.017,26688
18/01/2013 00:00,0.000,0.000,0.000,0.022,0.017,26712
19/01/2013 00:00,0.000,0.000,0.000,0.022,0.017,26736
20/01/2013 00:00,0.000,0.000,0.000,0.022,0.017,26760
21/01/2013 00:00,0.008,0.008,0.000,0.022,0.017,26784
22/01/2013 00:00,0.008,0.008,0.000,0.022,0.017,26808
23/01/2013 00:00,0.008,0.008,0.000,0.022,0.017,26832
24/01/2013 00:00,0.008,0.008,0.000,0.022,0.017,26856
25/01/2013 00:00,0.000,0.000,0.000,0.016,0.017,26880
26/01/2013 00:00,0.000,0.000,0.000,0.016,0.017,26904
27/01/2013 00:00,0.000,0.000,0.000,0.016,0.017,26928
28/01/2013 00:00,0.000,0.000,0.000,0.016,0.017,26952
29/01/2013 00:00,0.000,0.000,0.000,0.016,0.017,26976
30/01/2013 00:00,0.000,0.000,0.000,0.016,0.017,27000
31/01/2013 00:00,0.000,0.000,0.000,0.016,0.017,27024
01/02/2013 00:00,0.000,0.000,0.000,0.016,0.017,27048
02/02/2013 00:00,0.000,0.000,0.000,0.016,0.017,27072
03/02/2013 00:00,0.000,0.000,0.000,0.016,0.017,27096
04/02/2013 00:00,0.008,0.008,0.000,0.016,0.017,27120
05/02/2013 00:00,0.008,0.008,0.000,0.016,0.017,27144
06/02/2013 00:00,0.008,0.008,0.000,0.016,0.017,27168
07/02/2013 00:00,0.008,0.008,0.000,0.016,0.017,27192
08/02/2013 00:00,0.000,0.000,0.000,0.016,0.017,27216
09/02/2013 00:00,0.000,0.000,0.000,0.016,0.017,27240
10/02/2013 00:00,0.000,0.000,0.000,0.016,0.017,27264
11/02/2013 00:00,0.000,0.000,0.000,0.016,0.017,27288
12/02/2013 00:00,0.008,0.008,0.000,0.016,0.017,27312
13/02/2013 00:00,0.008,0.008,0.000,0.016,0.017,27336
14/02/2013 00:00,0.008,0.008,0.000,0.016,0.017,27360
15/02/2013 00:00,0.008,0.008,0.000,0.016,0.017,27384
16/02/2013 00:00,0.008,0.008,0.000,0.016,0.017,27408
17/02/2013 00:00,0.008,0.008,0.000,0.016,0.017,27432
18/02/2013 00:00,0.008,0.008,0.000,0.016,0.017,27456
19/02/2013 00:00,0.008,0.008,0.000,0.016,0.017,27480
20/02/2013 00:00,0.000,0.000,0.000,0.016,0.017,27504
21/02/2013 00:00,0.008,0.008,0.000,0.016,0.017,27528
22/02/2013 00:00,0.008,0.008,0.000,0.016,0.017,27552
23/02/2013 00:00,0.008,0.008,0.000,0.016,0.017,27576
24/02/2013 00:00,0.008,0.008,0.000,0.016,0.017,27600
25/02/2013 00:00,0.008,0.008,0.000,0.016,0.017,27624
26/02/2013 00:00,0.008,0.008,0.000,0.012,0.017,27648
27/02/2013 00:00,0.008,0.008,0.000,0.012,0.017,27672
28/02/2013 00:00,0.000,0.000,0.000,0.012,0.017,27696
01/03/2013 00:00,0.008,0.008,0.000,0.012,0.017,27720
02/03/2013 00:00,0.008,0.008,0.000,0.012,0.017,27744
03/03/2013 00:00,0.008,0.008,0.000,0.012,0.017,27768
04/03/2013 00:00,0.008,0.008,0.000,0.012,0.017,27792
05/03/2013 00:00,0.008,0.008,0.000,0.012,0.017,27816
06/03/2013 00:00,0.008,0.008,0.000,0.012,0.017,27840
07/03/2013 00:00,0.008,0.008,0.000,0.012,0.017,27864
08/03/2013 00:00,0.008,0.008,0.000,0.012,0.017,27888
09/03/2013 00:00,0.008,0.008,0.000,0.012,0.017,27912
10/03/2013 00:00,0.008,0.008,0.000,0.012,0.017,27936
11/03/2013 00:00,0.008,0.008,0.000,0.012,0.017,27960
12/03/2013 00:00,0.008,0.008,0.000,0.012,0.017,27984
13/03/2013 00:00,0.008,0.008,0.000,0.012,0.017,28008
14/03/2013 00:00,0.008,0.008,0.000,0.012,0.017,28032
15/03/2013 00:00,0.008,0.008,0.000,0.012,0.017,28056
16/03/2013 00:00,0.000,0.000,0.000,0.012,0.017,28080
17/03/2013 00:00,0.000,0.000,0.000,0.012,0.017,28104
18/03/2013 00:00,0.008,0.008,0.000,0.012,0.017,28128
19/03/2013 00:00,0.008,0.008,0.000,0.012,0.017,28152
20/03/2013 00:00,0.008,0.008,0.000,0.012,0.017,28176
21/03/2013 00:00,0.000,0.000,0.000,0.012,0.017,28200
22/03/2013 00:00,0.000,0.000,0.000,0.012,0.017,28224
23/03/2013 00:00,0.000,0.000,0.000,0.012,0.017,28248
24/03/2013 00:00,0.000,0.000,0.000,0.012,0.017,28272
25/03/2013 00:00,0.000,0.000,0.000,0.012,0.017,28296
26/03/2013 00:00,0.000,0.000,0.000,0.012,0.017,28320
27/03/2013 00:00,0.000,0.000,0.000,0.012,0.017,28344
28/03/2013 00:00,0.000,0.000,0.000,0.012,0.017,28368
29/03/2013 00:00,0.000,0.000,0.000,0.012,0.017,28392
30/03/2013 00:00,0.000,0.000,0.000,0.012,0.017,28416
31/03/2013 00:00,0.000,0.000,0.000,0.012,0.017,28440
01/04/2013 00:00,0.000,0.000,0.000,0.012,0.017,28464
02/04/2013 00:00,0.000,0.000,0.000,0.012,0.017,28488
03/04/2013 00:00,0.000,0.000,0.000,0.016,0.017,28512
04/04/2013 00:00,0.008,0.038,0.000,0.025,0.017,28536
05/04/2013 00:00,0.008,0.038,0.000,0.025,0.017,28560
06/04/2013 00:00,0.008,0.038,0.000,0.025,0.017,28584
07/04/2013 00:00,0.008,0.038,0.000,0.025,0.017,28608
08/04/2013 00:00,0.008,0.038,0.000,0.025,0.017,28632
09/04/2013 00:00,0.025,0.038,0.000,0.034,0.017,28656
10/04/2013 00:00,0.025,0.038,0.000,0.034,0.017,28680
11/04/2013 00:00,0.025,0.038,0.000,0.034,0.017,28704
12/04/2013 00:00,0.000,0.000,0.000,0.034,0.017,28728
13/04/2013 00:00,0.000,0.000,0.000,0.034,0.017,28752
14/04/2013 00:00,0.000,0.000,0.000,0.034,0.017,28776
15/04/2013 00:00,0.000,0.000,0.000,0.034,0.017,28800
16/04/2013 00:00,0.000,0.000,0.000,0.034,0.017,28824
17/04/2013 00:00,0.025,0.038,0.000,0.034,0.017,28848
18/04/2013 00:00,0.025,0.038,0.000,0.034,0.017,28872
19/04/2013 00:00,0.041,0.038,0.000,0.050,0.017,28896
20/04/2013 00:00,0.041,0.000,0.000,0.050,0.017,28920
21/04/2013 00:00,0.041,0.000,0.000,0.050,0.017,28944
22/04/2013 00:00,0.000,0.000,0.000,0.050,0.017,28968
23/04/2013 00:00,0.000,0.000,0.000,0.050,0.017,28992
24/04/2013 00:00,0.000,0.000,0.000,0.050,0.017,29016
25/04/2013 00:00,0.000,0.000,0.000,0.050,0.017,29040
26/04/2013 00:00,0.000,0.000,0.000,0.050,0.017,29064
27/04/2013 00:00,0.000,0.000,0.000,0.050,0.017,29088
28/04/2013 00:00,0.000,0.000,0.000,0.050,0.017,29112
29/04/2013 00:00,0.000,0.000,0.000,0.050,0.017,29136
30/04/2013 00:00,0.041,0.077,0.000,0.068,0.017,29160
01/05/2013 00:00,0.016,0.038,0.000,0.068,0.017,29184
02/05/2013 00:00,0.041,0.038,0.000,0.068,0.017,29208
03/05/2013 00:00,0.041,0.038,0.000,0.068,0.017,29232
04/05/2013 00:00,0.041,0.038,0.000,0.068,0.017,29256
05/05/2013 00:00,0.041,0.038,0.000,0.068,0.017,29280
06/05/2013 00:00,0.016,0.038,0.000,0.068,0.017,29304
07/05/2013 00:00,0.016,0.038,0.000,0.068,0.017,29328
08/05/2013 00:00,0.016,0.038,0.000,0.040,0.017,29352
09/05/2013 00:00,0.016,0.038,0.000,0.028,0.017,29376
10/05/2013 00:00,0.000,0.000,0.000,0.028,0.017,29400
11/05/2013 00:00,0.000,0.000,0.000,0.028,0.017,29424
12/05/2013 00:00,0.000,0.000,0.000,0.028,0.017,29448
13/05/2013 00:00,0.000,0.000,0.000,0.016,0.017,29472
14/05/2013 00:00,0.000,0.000,0.000,0.016,0.017,29496
15/05/2013 00:00,0.000,0.000,0.000,0.031,0.017,29520
16/05/2013 00:00,0.000,0.000,0.000,0.062,0.017,29544
17/05/2013 00:00,0.016,0.038,0.000,0.062,0.017,29568
18/05/2013 00:00,0.016,0.038,0.000,0.062,0.017,29592
19/05/2013 00:00,0.016,0.038,0.000,0.062,0.017,29616
20/05/2013 00:00,0.016,0.038,0.000,0.062,0.017,29640
21/05/2013 00:00,0.033,0.077,0.000,0.062,0.017,29664
22/05/2013 00:00,0.033,0.077,0.000,0.062,0.017,29688
23/05/2013 00:00,0.033,0.077,0.000,0.062,0.017,29712
24/05/2013 00:00,0.000,0.000,0.000,0.062,0.017,29736
25/05/2013 00:00,0.000,0.000,0.000,0.062,0.017,29760
26/05/2013 00:00,0.000,0.000,0.000,0.062,0.017,29784
27/05/2013 00:00,0.016,0.077,0.000,0.062,0.017,29808
28/05/2013 00:00,0.033,0.038,0.000,0.062,0.017,29832
29/05/2013 00:00,0.033,0.038,0.000,0.062,0.017,29856
30/05/2013 00:00,0.033,0.038,0.000,0.062,0.017,29880
31/05/2013 00:00,0.033,0.038,0.000,0.062,0.017,29904
01/06/2013 00:00,0.000,0.000,0.000,0.062,0.017,29928
02/06/2013 00:00,0.000,0.000,0.000,0.062,0.017,29952
03/06/2013 00:00,0.041,0.077,0.000,0.062,0.017,29976
04/06/2013 00:00,0.041,0.077,0.000,0.062,0.017,30000
05/06/2013 00:00,0.041,0.077,0.000,0.062,0.017,30024
06/06/2013 00:00,0.041,0.077,0.000,0.062,0.017,30048
07/06/2013 00:00,0.000,0.000,0.000,0.062,0.017,30072
08/06/2013 00:00,0.000,0.000,0.000,0.062,0.017,30096
09/06/2013 00:00,0.000,0.000,0.000,0.062,0.017,30120
10/06/2013 00:00,0.000,0.000,0.000,0.062,0.017,30144
11/06/2013 00:00,0.000,0.000,0.000,0.062,0.017,30168
12/06/2013 00:00,0.000,0.000,0.000,0.062,0.017,30192
13/06/2013 00:00,0.000,0.000,0.000,0.062,0.017,30216
14/06/2013 00:00,0.000,0.000,0.000,0.062,0.017,30240
15/06/2013 00:00,0.066,0.077,0.000,0.062,0.017,30264
16/06/2013 00:00,0.066,0.077,0.000,0.062,0.017,30288
17/06/2013 00:00,0.066,0.077,0.000,0.062,0.017,30312
18/06/2013 00:00,0.066,0.077,0.000,0.062,0.017,30336
19/06/2013 00:00,0.066,0.077,0.000,0.062,0.017,30360
